SPEAKER_8-1|කියවලා බලලා අමතක නොකර ට්‍රයි කරන්න, පිරිමියෙකු කාන්තාවකගෙන් බලාපොරොත්තු වන නමුත්, කිසිදා ඇයට නොපවසන ඔබ දැනගත|kiyavalā balalā amataka nokara ṭrayi karanna, pirimiyeku kāntāvakagen balāporottu vana namut kisidā æyaṭa nopavasana oba dænagata
SPEAKER_8-2|මොකද අපිට එහෙම සබ් කරපුවාම ෆිල්ම් එකේ රසයක් නැතිව යනව.|mokada apiṭa ehema sab karapuvāma film ekē rasayak nætiva yanava.
SPEAKER_8-3|සබීත, ඉඳලා හිටලා පිපෙන නෙලුමත් රැකගන්න බැරි වෙන එක නම් දුකට කාරණයක්.|sabīta, iṉdalā hiṭalā pipena nelumat rækaganna bæri vena eka nam dukaṭa kāraṇayak.
SPEAKER_8-4|පිටිපස්සේ ඉඳගන ගිය එක්කෙනා මා දිහා දෙපාරක් හැරිලා බැලුවදෝ කියලා මට එදා හිතුනා.|piṭipassē iṉdagana giya ekkenā mā dihā depārak hærilā bæluvadō kiyalā maṭa edā hitunā.
SPEAKER_8-5|මුදල් හා ජනමාධ්‍ය අමාත්‍යංශයේ අතිරේක ලේකම්, තිලකා ජයසුන්දර මහත්මියගේ ප්‍රධානත්වයෙන් පැවති මෙම සාකච්ඡාව|mudal hā janamādhya amātyaṁśayē atirēka lēkam tilakā jayasundara mahatmiyagē pradhānatvayen pævati mema sākacchāva
SPEAKER_8-6|අවවාද ටිකක් කියල දැම්ම නම් කවුරුත් කියවන එකක් නෑ.|avavāda ṭikak kiyala dæmma nam kavurut kiyavana ekak nǣ.
SPEAKER_8-7|අභ්‍යන්තර වුවත්, බාහිර වුවත් උපාධියක් සම්පූර්ණ කිරීම පහසු කටයුත්තක් නොවෙයි.|abhyantara vuvat, bāhira vuvat upādhiyak sampūrṇa kirīma pahasu kaṭayuttak noveyi.
SPEAKER_8-8|එනම් රණවිරුවන්ට එරෙහිව විදෙස් විනිසුරුවරුන් ගෙන්වා නඩු ඇසිය යුතු බවට පසුගිය දා එක්සත් ජාතින්ගේ මානව හිමිකම්|enam raṇaviruvanṭa erehiva vides vinisuruvarun genvā naḍu æsiya yutu bavaṭa pasugiya dā eksat jātingē mānava himikam
SPEAKER_8-9|ඒ නිකම්ම නොව, ජාතික සමගිව සහ සංහිඳයාව සඳහා වන කාර්යාලයේ ප්‍රධානියා ලෙසටය.|ē nikamma nova jātika samagiva saha saṁhiṉdayāva saṉdahā vana kāryālayē pradhāniyā lesaṭaya.
SPEAKER_8-10|නූතන ග්‍රාම්‍ය ටෙලි නාට්‍ය කර්මාන්තය තුලින්, හා සුපර් ස්ටාර් වසංගතය තුලින්, විෂයය බද්ධ ප්‍රමාණික දැනුමක්|nūtana grāmya ṭeli nāṭya karmāntaya tulin hā supar sṭār vasaṁgataya tulin, vişayaya baddha pramāṇika dænumak
SPEAKER_8-11|ඉතින් අනවශ්‍ය අවස්ථාවල මෙය පහත දැක්වෙන ආකාරයට ඉවත්කර තබා ගන්න පුළුවන්.|itin anavaśya avasthāvala meya pahata dækvena ākārayaṭa ivatkara tabā ganna puḷuvan.
SPEAKER_8-12|ඒ රජ්ජුරවන්ට හිටියා බොහොම ලස්සන දූ කුමාරිකාවක්‌.|ē rajjuravanṭa hiṭiyā bohoma lassana dū kumārikāvak‌.
SPEAKER_8-13|ඔන්න එහෙනම් මනමාල මහතැන්ගෙ කතාව, ශීත සෘතුව අන්තිම කාලෙ උනාට තවම සෑහෙන්න සීතලයි.|onna ehenam manamāla mahatænge katāva, śīta sṛtuva antima kāle unāṭa tavama sǣhenna sītalayi.
SPEAKER_8-14|අපි දැන් පිවිසෙන්නේ මැරතන් දෙවැනි පැයට, මේ පැයේදී මා බලාපොරොත්තු වනවා.|api dæn pivisennē mæratan devæni pæyaṭa, mē pæyēdī mā balāporottu vanavā.
SPEAKER_8-15|එක තැනක සම්පිඩනයක් ඇති වන විට, ඒත් සමඟ ම තවත් තැනක |eka tænaka sampiḍanayak æti vana viṭa ēt samaṉga ma tavat tænaka
SPEAKER_8-16|ඔයාලා කනවා නේද? මම ලැබ් එකේ ඉන්නවා ඔයාලා කාලා ඉවරවෙලා මට කතා කරන්න.|oyālā kanavā nēda? mama læb ekē innavā oyālā kālā ivaravelā maṭa katā karanna.
SPEAKER_8-17|මම ඉදිරියේදී අනිවාර්යයෙන්ම ඔබ අසා ඇති කාරණාව විසදා‍ දෙන්නම්.|mama idiriyēdī anivāryayenma varḍpres valadī oba asā æti kāraṇāva visadā dennam.
SPEAKER_8-18|වයලාගේ නීත්‍යානුකූල අවසරය මත පන්තියෙන් පිටත් වූවද, පිනාට අසු වූ විට, වයලා පන්තියෙන් දොට්ට දැමූවේද නැත|vayalāgē nītyānukūla avasaraya mata pantiyen piṭat vūvada, pināṭa asu vū viṭa vayalā pantiyen doṭṭa dæmūvēda næta
SPEAKER_8-19|මෙතැනදී මුලදී ජොබ් එකකට ඇප්ලයි කරන විදිය හොයාගන්න ටිකක් අමාරුයි.|metænadī muladī job ekakaṭa æplayi karana vidiya hoyāganna ṭikak amāruyi.
SPEAKER_8-20|"ආදර බෝනික්කන්" වැඩිහිටියන් පමණක් මෙම ලිපිය බලන්න."|ādara bōnikkan  væḍihiṭiyan pamaṇak mema lipiya balanna.
SPEAKER_8-21|ඉතිහාස කතාවකට අථර් නිරූපණ දෙන එක ලේසි වැඩක් නෙවෙයි, ඒ වගේම පරිස්සමින් කරන්න ඕන දෙයක්|itihāsa katāvakaṭa artha nirūpaṇa dena eka lēsi væḍak neveyi, ē vagēma parissamin karanna ōna deyak
SPEAKER_8-22|පහුගිය කාලේ නවලෝකේ බ්‍රාන්ච් එකකුත් වහන්න උනා, ඩෙන්ටල් එක්ස් රේ අනිත් ලොකු එකකින් අරගෙන ඒකට ලයිසන් තිබිලත්|pahugiya kālē navalōkē brānc ekakut vahanna unā, ḍenṭal eks rē anit loku ekakin aragena ēkaṭa layisan tibilat|case
SPEAKER_8-23|මන්ද, එය ඔබේ රුවට මෙන්ම ඔබේ පෞරුෂයට ද බලවත් හානියක් ඇති කරවන බැවිනි.|manda eya obē ruvaṭa menma obē pauruşayaṭa da balavat hāniyak æti karavana bævini.
SPEAKER_8-24|ඉතින් මේ දරුවො ලොකු උනාමත් බලාපොරොත්තු වෙන්නෙ ඒකම තමා.|itin mē daruvo loku unāmat balāporottu venne ēkama tamā.
SPEAKER_8-25|අද ලියන්න යන පෝස්ට් එකේ මාතෘකාව දැක්කම, වැඩිය කව්රුත් මේ පැත්තේ එන එකක් නැහැ, මොකද ඒක|ada liyanna yana pōsṭ ekē heḍima dækkama væḍiya kavrut mē pættē ena ekak næhæ mokada ēka
Chunk 1 end|2.20
SPEAKER_8-26|ගලේ කෙටූ අකුර වගේ කවරදාවත්‌ නොමැකෙන්න ඇඳිලා.|galē keṭū akura vagē kavaradāvat‌ nomækenna æṉdilā.
SPEAKER_8-27|ඉන්දීය ව්‍යාපාරිකයාගේ කාර්යාලයට ආ කොටි සාමාජිකයාය කියන පුද්ගලයා, හඳුනා ගන්න පරීක්ෂණ කරනවා, පොලිසිය අධිකරණයට දන්වයි.|indīya vyāpārikayāgē kāryālayaṭa ā koṭi sāmājikayāya kiyana pudgalayā haṉdunā ganna parīkşaṇa karanavā polisiya adhikaraṇayaṭa danvayi.
SPEAKER_8-28|ශ්‍රී ලංකා විශ්වවිද්‍යාල උත්තර සභාව, ශ්‍රී ලංකා සාහිත්‍ය මණ්ඩලය, රාජ්‍ය ලේඛනාගාර මණ්ඩලය|śrī laṁkā viśvavidyāla uttara sabhāva, śrī laṁkā sāhitya maṇḍalaya, rājya lēkhanāgāra maṇḍalaya
SPEAKER_8-29|සොයා ගත් මළ සිරුරු පහළොවෙන් නවයක්ම, සෙබළුන්ගේ වන අතර, ඉතිරි හය සාමාන්‍ය වැසියන්ගේය.|soyā gat maḷa siruru pahaḷoven navayakma sebaḷungē vana atara itiri haya sāmānya væsiyangēya.
SPEAKER_8-30|අමාත්‍යාංශ හය කට නව ලේකම්වරු.|amātyāṁśa haya kaṭa nava lēkamvaru.
SPEAKER_8-31|ආසාදිතයන් වැඩි සංඛ්‍යාවක් වාර්තා වීමට ප්‍රධාන හේතුව, ඒ සඳහා කෙරෙන රුධිර පරීක්‍ෂාවන් වැඩි වශයෙන් සිදු කිරීමට|āsāditayan væḍi saṁkhyāvak vārtā vīmaṭa pradhāna hētuva, ē saṉdahā kerena rudhira parīkşāvan væḍi vaśayen sidu kirīmaṭa
SPEAKER_8-32|සුදීක ගේ වෙහෙස නිසාම, මේ සැරේ පාපන්දු ලෝක කුසලානය ගැන, වෙනදට වඩා|sudīka gē vehesa nisāma mē særē pāpandu lōka kusalānaya gæna venadaṭa vaḍā
SPEAKER_8-33|පරිගණක ආශ්රිත දේවල් සියල්ල, තමන්ගේ භාෂාව සතුව, ස්ථාවර නම් හා, ඔබ විසින්, එය සියලු දැන ගැනීමට|parigaṇaka āśrita dēval siyalla tamangē bhāşāva satuva sthāvara nam hā oba visin eya siyalu dæna gænīmaṭa
SPEAKER_8-34|ස්තුතියි කුරුට්ටා පනහ ගහන්න අපිට තව කල් තියේ, සුබ පැතුම් අජිත් අංකල්.|stutiyi kuruṭṭā panaha gahanna apiṭa tava kal tiyē, suba pætum ajit aṁkal.
SPEAKER_8-35|ඒ අහපු වෙලාවෙදී ඔහු අපිට කිව්වා, දහසය හෝ දාහත් වැනිදා, නිලාම්ගේ තාත්තා බලන්න එන්නම් කියලා|ē ahapu velāvedī ohu apiṭa kivvā dahasaya hō dāhat vænidā nilāmgē tāttā balanna ennam kiyalā.
SPEAKER_8-36|පළාත් සභා මැතිවරණය මේ වසරේ සැප්තැම්බරයෙන් පසුව පැවැත්වීමට නියමිතය.|paḷāt sabhā mætivaraṇaya mē vasarē sæptæmbarayen pasuva pævætvīmaṭa niyamitaya.
SPEAKER_8-37|මෙම අවස්ථාවට ප්‍රධාන ආරාධිත අමුත්තා වශයෙන් කර්මාන්ත හා වාණිජ කටයුතු පිළිබඳ ගරු අමාත්‍ය රිෂාඩ් බදුර්දීන් මහතා|mema avasthāvaṭa pradhāna ārādhita amuttā vaśayen karmānta hā vāṇija kaṭayutu piḷibaṉda garu amātya rişāḍ badurdīn mahatā
SPEAKER_8-38|සියලුම රජයේ සේවකයන්ගේ මුලික වැටුප, මේ මස පළමුදින සිට, නැවත, සීයට විසිදෙක කින් හා වැටුප් වර්ධකය සියයට|siyaluma rajayē sēvakayangē mulika væṭupa mē masa paḷamudina siṭa nævata sīyaṭa visideka kin hā væṭup vardhakaya siyayaṭa
SPEAKER_8-39|හදිස්සියෙ ඕක හොලවන්න යන වෙලාවේ මාරම වටිනාකමක් තියනවා.|ætta ætta hadissiye ōka holavanna yana velāvē mārama vaṭinākamak tiyanavā.|case
SPEAKER_8-40|ඒ අනුව පැහැදිලිවම, ඇය තුළ ඇත්තේ, තමන්ට වඩා ජනාධිපති තනතුරේ කිසියම් සාර්ථකත්වයක්|ē anuva pæhædilivama æya tuḷa ættē tamanṭa vaḍā janādhipati tanaturē kisiyam sārthakatvayak
SPEAKER_8-41|ඒ කියන්නෙ අර නංගි ගිය කඩේ එදා හවස වහල.|ē kiyanne ara naṁgi giya kaḍē edā havasa vahala.
SPEAKER_8-42|ඉතා විවෘතව, එසේම, නිවැරදි පුද්ගල හදුන්වාදීමකින් තොරව, හා කිසිදු බාධාවකින් තොරව, තම අදහස්|itā vivṛtava esēma niværadi pudgala hadunvādīmakin torava hā kisidu bādhāvakin torava tama adahas
SPEAKER_8-43|හතර ගිගා බයිට් ටෝරන්ට් ෆයිල් එක මෙතැනින් ලබාගන්න, පහත දි ඇති ටොරන්ට් ෆයිල් එක, දෙනු ලබන්නේ,ඇතැම් විදේශයන්|hatara gigā bayiṭ ṭōranṭ fayil eka metænin labāganna pahata di æti ṭoranṭ fayil eka denu labannē,ætæm vidēśayan
SPEAKER_8-44|එතෙර වෙන්නට අපහසු, මේ ලෝකයේ තියෙන භයානකම පාළම් හතර, ගංගා, ඇළ, දොළ වලින්, එතෙර වෙන්න තියෙන|etera vennaṭa apahasu mē lōkayē tiyena bhayānakama pāḷam hatara gaṁgā, æḷa, doḷa valin etera venna tiyena
SPEAKER_8-45|අපි මොන පාරෙන් ඇළට ගියත් මෙයාලගේ ගේ ගාවින් යන්නම වෙනවා.|api mona pāren æḷaṭa giyat meyālagē gē gāvin yannama venavā.
SPEAKER_8-46|මෙම කාලය ඇතුළත ආලින්දයට එනුයේ නිවසේ සිටින සියලු දෙනාමය.|mema kālaya ætuḷata ālindayaṭa enuyē nivasē siṭina siyalu denāmaya.
SPEAKER_8-47|ඉන්දියාවේ, පිලිපීනයේ තරම් සංක්‍රමණයට උපකාර වන අධ්‍යාපන ක්‍රමයක් සහ සහයෝගයක්|indiyāvē, pilipīnayē taram saṁkramaṇayaṭa upakāra vana adhyāpana kramayak saha sahayōgayak
SPEAKER_8-48|ලෝකයේ පවතින තත්ත්වයන්ට, වඩාත් හොඳින් ප්‍රතිචාර දක්වන රටවල් උඩට එනවා.|lōkayē pavatina tattvayanṭa vaḍāt hoṉdin praticāra dakvana raṭaval uḍaṭa enavā.
SPEAKER_8-49|ඒ වගේම නලින් අයිය වගේ කට්ටිය එක්කහු වෙලා ඒ ගැන යමක් කරන්න හදන එකත් අගනා දෙයක්.|ē vagēma nalin ayiya vagē kaṭṭiya ekkahu velā ē gæna yamak karanna hadana ekat aganā deyak.
SPEAKER_8-50|ඉතින් මෙයාලා ප්ලෑන් කරා එයාලගේ නගරේ තියෙන බැංකුව කඩන්න.|itin meyālā plǣn karā eyālagē nagarē tiyena bæṁkuva kaḍanna.
Chunk 2 end|2.37
SPEAKER_8-51|කතාවේ අපේ වෙන එකෙක්ට ගෙදරත් ඉන්න නැති කළ එකාම තමා.|katāvē apē vena ekekṭa gedarat inna næti kaḷa ekāma tamā.
SPEAKER_8-52|එවැනි බලයක් හෝ වරමක් පෙනෙන්නට නැති කල, ඇයගේ මෙම ප්‍රකාශය පිළිබඳව, ආණ්ඩුව කෙලෙස කටයුතු කරනවාද යන්න|evæni balayak hō varamak penennaṭa næti kala æyagē mema prakāśaya piḷibaṉdava āṇḍuva kelesa kaṭayutu karanavāda yanna
SPEAKER_8-53|මෙම ජාතිවාදී පිරිස්, රටේ ජනතාවට සංවේදී මාතෘකාවන්, හා තේමා පාඨයන් තෝරාගෙන, තම පටු අරමුණු මුදුන්පත් ප්‍රතිචාර|mema jātivādī piris raṭē janatāvaṭa saṁvēdī mātṛkāvan hā tēmā pāṭhayan tōrāgena tama paṭu aramuṇu mudunpat praticāra
SPEAKER_8-54|ඔහු කිව්වේ ඇමෙරිකාවේ මීළඟ මෙහෙයුම් අභ්‍යවකාශයේ ඉඳන් කරන්න කාලය හරි කියලා.|ohu kivvē æmerikāvē mīḷaṉga meheyum abhyavakāśayē iṉdan karanna kālaya hari kiyalā.
SPEAKER_8-55|තවද, දැනට එම දෝෂ ඉවත් කරමින් සිටින බවත් පැවසීය.|tavada, dænaṭa ema dōşa ivat karamin siṭina bavat pævasīya.
SPEAKER_8-56|මෙවැනි නරුම අධිපතිවාදී, හිංසාකරී සමාජයක් යහමග ගැන්වීම කෙරෙහි, මුළු ලෝකයේම අවධානය යොමු විය යුතුය.|mevæni naruma adhipativādī, hiṁsākarī samājayak yahamaga gænvīma kerehi muḷu lōkayēma avadhānaya yomu viya yutuya.
SPEAKER_8-57|මේ ලිපිය කියවපු සහ එයින් අදහසක් ගත් සැමටම ස්තුතියි.|mē lipiya kiyavapu saha eyin adahasak gat sæmaṭama stutiyi.
SPEAKER_8-58|ඉතින්‌ මොකක්‌ ද ඕන?” “එහෙනම්‌ අපේ අම්මාට කියන්න|itin‌ mokak‌ da ōna?” “ehenam‌ apē ammāṭa kiyanna
SPEAKER_8-59|ඇගේ එම උද්‍යෝගිමත් සහයෝගය, මට අවශ්‍ය තොරතුරු ලබා දෙන තෙක්, හා, ඉන් පසුවත් පවතී යැයි විශ්වාසයි|ægē ema udyōgimat sahayōgaya maṭa avaśya toraturu labā dena tek hā in pasuvat pavatī yæyi viśvāsayi
SPEAKER_8-60|මේ විදිහට නිවාස වලට බෙදිලා හිටියට, සමහර වෙලාවට ෆිට් එක වැඩි කමට, වෙනත් නිවාසවල උනුත්|mē vidihaṭa nivāsa valaṭa bedilā hiṭiyaṭa samahara velāvaṭa fiṭ eka væḍi kamaṭa venat nivāsavala unut
SPEAKER_8-61|‍හැබැයි හැම නළුවෙකුටම මේ විදියට වැම්පයර් චිත්‍රපටි නොගැලපෙන අවස්ථාත් තියෙනවා.|hæbæyi hæma naḷuvekuṭama mē vidiyaṭa væmpayar citrapaṭi nogælapena avasthāt tiyenavā.
SPEAKER_8-62|බිබිල විජයමුණි සොයිසා සංස්කෘතික මධ්‍යස්ථානයේ දී, සහ හවස තුන ට, අම්බලන්තොට අල් අක්බාර් මහා විද්‍යාලයේ දී පැවැත්විණි.|bibila vijayamuṇi soyisā saṁskṛtika madhyasthānayē dī saha havasa tuna ṭa ambalantoṭa al akbār mahā vidyālayē dī pævætviṇi.
SPEAKER_8-63|ඔහු කීවේ අවශ්‍යවන්නේ ඇඳුමක් පමණක් බවත්, සියල්ල ඔවුන් සපයන බවත්ය.|ohu kīvē avaśyavannē æṉdumak pamaṇak bavat siyalla ovun sapayana bavatya.
SPEAKER_8-64|මෙයාලගෙන් පරිස්සම් කරගන්න ඕන මොනවද කියලා දැනටමත් ඔයාලා දන්නවා ඇති නේ.|meyālagen parissam karaganna ōna monavada kiyalā dænaṭamat oyālā dannavā æti nē.
SPEAKER_8-65|අමාත්‍ය ආචාර්ය සරත් අමුණුගම මහතා විසින්, මේ පිළිබඳ අමාත්‍ය මණ්ඩලයට දැනුම් දෙනු ලැබීය.|amātya ācārya sarat amuṇugama mahatā visin mē piḷibaṉda amātya maṇḍalayaṭa dænum denu læbīya.
SPEAKER_8-66|ට්‍රැවල් කරන්න ආස අයට හොඳම ක්‍රම පහක්, ට්‍රැවල් කරන එක විනෝදාංශයක් කර ගත්ත අයටයි අද ලිපිය.|ṭræval karanna āsa ayaṭa hoṉdama krama pahak ṭræval karana eka vinōdāṁśayak kara gatta ayaṭayi ada lipiya.
SPEAKER_8-67|මෛත්‍රී පිලේ ඇතැම් මැති ඇමැති පිරිසකගේ සහාය පළවී ඇති බවත්, දේශපාලන ආරංචි මාර්ග සඳහන් කරයි.|maitrī pilē ætæm mæti æmæti pirisakagē sahāya paḷavī æti bavat dēśapālana āraṁci mārga saṉdahan karayi.
SPEAKER_8-68|එමෙන්ම, නරක් වූ දත් පවිත්‍ර නොකිරීම හෝ, ඉවත් නොකිරීම නිසාත්, නිසි ලෙස දත් පවිත්‍ර නොකිරීමෙන් දත්|emenma narak vū dat pavitra nokirīma hō ivat nokirīma nisāt, nisi lesa dat pavitra nokirīmen dat
SPEAKER_8-69|ඒත් ඒ කිසිවක්, මේ පිරිස විසින් සොයා ගෙන ඇති, කොටන ලද අක්ෂරවලට සමාන නැත.|ēt ē kisivak mē pirisa visin soyā gena æti koṭana lada akşaravalaṭa samāna næta.
SPEAKER_8-70|මියයාමට හේතුව තවමත් අනාවරණය වී නොමැති අතර, නෝවා නිල් චිත්‍රපටිවල රඟපෑම ආරම්භ කර ඇත්තේ ගිය වසරේදී.|miyayāmaṭa hētuva tavamat anāvaraṇaya vī nomæti atara nōvā nil citrapaṭivala raṉgapǣma ārambha kara ættē giya vasarēdī.
SPEAKER_8-71|අද දින උදෑසන මෙම උත්සවය, සාම උද්‍යානයේදී, උත්සවශ්‍රීයෙන් සැලසුම් කර තිබේ.|ada dina udǣsana mema utsavaya sāma udyānayēdī utsavaśrīyen sælasum kara tibē.
SPEAKER_8-72|අන්තර්ජාතික ආයතනයක් මඟින්, ශ්‍රී ලංකාවේ සියලු පෞද්ගලික සෞඛ්‍ය ආයතනවල, ගාස්තු විශ්ලේෂණය කර ගැනීමෙන් පසුව, මේ මිල|antarjātika āyatanayak maṉgin śrī laṁkāvē siyalu paudgalika saukhya āyatanavala gāstu viślēşaṇaya kara gænīmen pasuva mē mila
SPEAKER_8-73|තාජුඩීන් ගැන සීඅයිඩීය ශිරන්තිගෙන් සහ, යෝෂිතගෙන් ප්‍රශ්න කිරීමට යයි|tājuḍīn gæna sīayiḍīya śirantigen saha yōşitagen praśna kirīmaṭa yayi
SPEAKER_8-74|ඒ කාලෙ ගම්පහ නගරයේ, ‍මේ විෂයන් දෙකටම නම් දරාපු ගුරුවරු දෙන්නෙක් තමයි, මේ පන්ති වල ඉගැන්වූයේ.|ē kāle gampaha nagarayē mē vişayan dekaṭama nam darāpu guruvaru dennek tamayi mē panti vala igænvūyē.
SPEAKER_8-75|අප කව්රුත් දන්නා පරිදි ක්ලින්ටන් එවකට ජනාධිපති වූ ඔබාමා විසින්, අනුමත කරන ලද අපේක්ෂිකාව විය.|apa kavrut dannā paridi klinṭan evakaṭa janādhipati vū obāmā visin anumata karana lada apēkşikāva viya.
Chunk 3 end|2.50
SPEAKER_8-76|වෑන්‌ රථ මෙන්‌ ම පාසලට ඉදිරියෙන්‌ එහා මෙහා යන වෙනත්‌ වාහන|vǣn‌ ratha men‌ ma pāsalaṭa idiriyen‌ ehā mehā yana venat‌ vāhana
SPEAKER_8-77|ඉතින් ඊට පස්සේ එයාටයි, කටත් ඇරගන උන්නු අම්මටයි, මෙන්න මේ කතාව කීවා.|itin īṭa passē eyāṭayi, kaṭat æragana unnu ammaṭayi menna mē katāva kīvā.
SPEAKER_8-78|අපේ පහල තට්ටුවේ ටොයිලට් එක හදනකොට, මම පහ වසරේ විතර පොඩි එකා.|apē pahala taṭṭuvē ṭoyilaṭ eka hadanakoṭa mama paha vasarē vitara poḍi ekā.
SPEAKER_8-79|කෙටි කබායක්‌ උඩින්‌ ඇඳ තොප්පිය ද දමා ගත්‌|keṭi kabāyak‌ uḍin‌ æṉda toppiya da damā gat‌
SPEAKER_8-80|පස්සේ, මේ බත් වලින් ටිකක්, මගේ ප්ලාස්ටික් පෙට්ටියට දාගෙන, රටලූණු දාපු අල හොද්දත් එක්ක ඉස්කෝලෙත් අරගෙන|passē mē bat valin ṭikak magē plāsṭik peṭṭiyaṭa dāgena raṭalūṇu dāpu ala hoddat ekka iskōlet aragena
SPEAKER_8-81|ඉතිං එහෙව් දුවට, කොන්ත්‍රාත් එකක් දෙන්නට බැරි නම්, අප්පච්චිගේ ඇමතිකම මහාමාර්ග නොවෙයි නිවන් මාර්ග වුණත් ඇති|itiṁ ehev duvaṭa kontrāt ekak dennaṭa bæri nam appaccigē æmatikama mahāmārga noveyi nivan mārga vuṇat æti
SPEAKER_8-82|මත නැවතිලා ඔය දේම මටත් හිතෙනවා, හෙඩර් එක හදලා දීලා, හන ගහපු එක නම් කැතයි.|mata nævatilā oya dēma maṭat hitenavā heḍar eka hadalā dīlā hana gahapu eka nam kætayi.
SPEAKER_8-83|අවශ්‍ය නම් ජාතික ආරක්ෂාව සඳහා නීති සම්පාදනය කිරීමට පියවර ගන්නවා. ජාතික ආරක්ෂාව තහවුරු කිරීම සඳහාත්|avaśya nam jātika ārakşāva saṉdahā nīti sampādanaya kirīmaṭa piyavara gannavā. jātika ārakşāva tahavuru kirīma saṉdahāt
SPEAKER_8-84|ඒ ගෙදරට යන පුංචි පාර හොයා ගන්නත් බැරි උනා එක පාරටම.|ē gedaraṭa yana puṁci pāra hoyā gannat bæri unā eka pāraṭama.
SPEAKER_8-85|අනුරාධපුරය, මාතලේ ,කුරුණෑගල දිස්ත්‍රික් තුනට මායිම්ව පිහිටි, අතිවිශාල පල්ලෙකැලේ රක්ෂිතයේ, දැව ජාවාරමක් කොටු කර ගනී. |anurādhapuraya, mātalē ,kuruṇǣgala distrik tunaṭa māyimva pihiṭi ativiśāla pallekælē rakşitayē dæva jāvāramak koṭu kara ganī.
SPEAKER_8-86|එදා ස්ටැන්ලින් වැනි කොමියුනිස්ට් නායකයොත් හිට්ලර්ට විරුද්ධව යුද්ධ කළා පමණක් නොවෙයි, ඔවුන් එහි දී ඔවුන්ට|edā sṭænlin væni komiyunisṭ nāyakayot hiṭlarṭa viruddhava yuddha kaḷā pamaṇak noveyi, ovun ehi dī ovunṭa
SPEAKER_8-87|පුරාවිද්‍යාඥයෝ එදා කීවේ එහි ඇති අස්ථි කැබලි ඇතුළත් බඳුන් මත, යේසු පවුලේ අයගේ නම් කොටා ඇති|purāvidyāgnayō edā kīvē ehi æti asthi kæbali ætuḷat baṉdun mata yēsu pavulē ayagē nam koṭā æti
SPEAKER_8-88|ඇමති සංඛ්‍යාව අඩු කරනවා කියමින්, දෙදහස් පහළොව ජනාධිපතිවරණය සහ, දෙදහස් පහළොව අගෝස්තු පාර්ලිමේන්තු මැතිවරණ ජයගත්තද, ජනතාවට දුන් පොරොන්දු|æmati saṁkhyāva aḍu karanavā kiyamin dedahas pahaḷova janādhipativaraṇaya saha dedahas pahaḷova agōstu pārlimēntu mætivaraṇa jayagattada janatāvaṭa dun porondu
SPEAKER_8-89|ජීනිවා හි මානව හිමිකම් කවුන්සිලයට සමගාමීව පැවැත්වෙන, රැස්වීම් කිහිපයකදීම, ත්‍රස්තවාදය වැලැක්වීමේ පනත යටතේ රිමාන්ඩ් බන්ධනාගාරගත කොට|jīnivā hi mānava himikam kavunsilayaṭa samagāmīva pævætvena ræsvīm kihipayakadīma trastavādaya vælækvīmē panata yaṭatē rimānḍ bandhanāgāragata koṭa
SPEAKER_8-90|කොහොමද යාලුවනෙ, ගොඩ දවසකට පස්සේ අද මන් කියන්න යන්නෙ, පොඩි සොෆ්ට් වෙයා එකක් ගැන ඩෙමො තියනවනෙ|kohomadayāluvane goḍa davasakaṭa passē ada man kiyanna yanne poḍi sofṭ veyā ekak gæna ḍemo tiyanavane
SPEAKER_8-91|නැගෙනහිර යුරෝපයේ සාගත කාලේ අශ්ව මස් කොහොමත් කාල තිබෙනවා.|nægenahira yurōpayē sagata kālē aśva mas kohomat kāla tibenavā.
SPEAKER_8-92|මඩොල්‌ දූව වැනි නවකතා කියවා ඇත.|maḍol‌ dūva væni navakatā kiyavā æta.
SPEAKER_8-93|මෝසස්ගේ නීතියට අනුව ගසක එල්ලා මැරුණු කෙනෙකුගේ සිරුර, එදින රාත්‍රිය පුරා එසේ තිබෙන්නට නොහැරිය යුතුය.|mōsasgē nītiyaṭa anuva gasaka ellā mæruṇu kenekugē sirura edina rātriya purā esē tibennaṭa nohæriya yutuya.
SPEAKER_8-94|ඓතිහාසික තොරතුරු අතින් ද, එම ග‍්‍රන්ථය නිවැරදි විය යුතු යි.|aitihāsika toraturu atin da ema granthaya niværadi viya yutu yi.
SPEAKER_8-95|නමුත් එම ඉල්ලීම ඔවුන් ප්‍රතික්ෂේප කර තිබුණේ, කාර්යබහුලත්වය හේතුවක් වශයෙන් සඳහන් කරමිනි.|namut ema illīma ovun pratikşēpa kara tibuṇē kāryabahulatvaya hētuvak vaśayen saṉdahan karamini.
SPEAKER_8-96|ආචාර්ය ඉන්ද්‍රජිත් කුමාරස්වාමි නව මහ බැංකු අධිපති ලෙස|ācārya indrajit kumārasvāmi nava maha bæṁku adhipati lesa
SPEAKER_8-97|ඌ කොහොම හිත හදාගෙන ගියාද මන්දා, අර අක්කාගේ කොලුවව බලන්න, ඒකිත් එක්ක.|ū kohoma hita hadāgena giyāda mandā ara akkāgē koluvava balanna ēkit ekka.
SPEAKER_8-98|එක දවසක් මම අහම්බෙන් වගේ මගේ බයික් එකේ නැගල ඔය පැත්තෙන් ගියා.|eka davasak mama ahamben vagē magē bayik ekē nægala oya pætten giyā.
SPEAKER_8-99|මේ අතර අධිකරණ නියෝගයෙන් අනතුරුව, ජනාධිපති මෛත්‍රීපාල සිරිසේන සහ, ආණ්ඩු පක්ෂයේ මන්ත්‍රීවරුන් පිරිසක් අතර, විශේෂ සාකච්ඡාවක්|mē atara abhiyācanādhikaraṇa niyōgayen anaturuva janādhipati maitrīpāla sirisēna saha āṇḍu pakşayē mantrīvarun pirisak atara viśēşa sākacchāvak
SPEAKER_8-100|ඒ වගේම මුහුණේ තෙතමනය, නියම ගානට පවත්වා ගෙන, එහි අඩංගු ලැක්ටික් ඇසිඩ් මගින් මුහුණට නව පෙනුමක්|ē vagēma muhuṇē tetamanaya niyama gānaṭa pavatvā gena ehi aḍaṁgu lækṭik æsiḍ magin muhuṇaṭa nava penumak|missed
Chunk 4 end|2.48
SPEAKER_8-101|අනාගතවක්තෘ නාතාන්ගේ පොතට සිදු වූයේ කුමක්ද? අභියාගේ අනාගත වාක්‍ය අද බයිබලයේ නොමැත්තේ මන්ද? ඉද්දෝ ලියූ දර්ශනයට|anāgatavaktṛ nātāngē potaṭa sidu vūyē kumakda? abhiyāgē anāgata vākya ada bayibalayē nomættē manda? iddō liyū darśanayaṭa
SPEAKER_8-102|අපි යද්දී ආසන්න පාසලක ළමයි පිරිසකුත් කුමන නරඹන්න ඇවිත් හිටියා, එයාල පාර්ක්‌ එක ඇතුලට ගියේ කුලියට|api yaddī āsanna pāsalaka ḷamayi pirisakut kumana narambanna ævit hiṭiyā, eyāla pārk‌ eka ætulaṭa giyē kuliyaṭa|case
SPEAKER_8-103|එදාටත් ඔවුන් යුද්ධයට විපක්ෂ වේවි ද? මොවුන් යුද්ධයට විරුද්ධ වන්නේ ඉතා ම වියුක්තව.|edāṭat ovun yuddhayaṭa vipakşa vēvi da? movun yuddhayaṭa viruddha vannē itā ma viyuktava.
SPEAKER_8-104|උන්ගෙ ගෙවල් දේවගමට ගොඩාක් දුරයි.|unge geval dēvagamaṭa goḍāk durayi.
SPEAKER_8-105|ඒ එච් එම් එම් යනු සුදුසු පරිහරණය, ​​ප්රමිති රැකවරණය, අධ්‍යාපනය, පුහුණුව, සහතික කිරීම සහ පිළිගැනුම සඳහා කැප වූ වෘත්තීය|ē ec em em yanu sudusu pariharaṇaya, ​​pramiti rækavaraṇaya, adhyāpanaya, puhuṇuva, sahatika kirīma saha piḷigænuma saṉdahā kæpa vū vṛttīya
SPEAKER_8-106|ඒ, සිය වගාවන් සදහා නිසි මිළක් ලබාදෙන ලෙසට ආණ්ඩුවට බලකරමින්.|ē, siya vagāvan sadahā nisi miḷak labādena lesaṭa āṇḍuvaṭa balakaramin.
SPEAKER_8-107|ලෝකයට ආදර්ශයක් කොහොම වෙතත් බූරුවො දෙන්නෙක් එක්ක රටක් ආන්ඩු කරන එකම රට ශ්‍රී ලංකාව|lōkayaṭa ādarśayak kohoma vetat būruvo dennek ekka raṭak ānḍu karana ekama raṭa śrī laṁkāva
SPEAKER_8-108|ඉතිං මිනිස්සු තව ජනප්‍රිය උනා|itiṁ minissu tava janapriya unā
SPEAKER_8-109|ඒ විතරක් නෙමෙයි අපි බලපු පැරණි චිත්‍රපටි හෝ පැරණි ආකාරයෙන් පසුතල යොදාගෙන ඇති චිත්‍රපටි ආදියෙත් මෙයට|ē vitarak nemeyi api balapu pæraṇi citrapaṭi hō pæraṇi ākārayen pasutala yodāgena æti citrapaṭi ādiyet meyaṭa
SPEAKER_8-110|බලා පොරොත්තු උන ආදරය ලබන්න බැරි උනාම සමහර අය තවත් ආදරයක් පතන්නේ නෑ නේද ජීවිතේ?|balā porottu una ādaraya labanna bæri unāma samahara aya tavat ādarayak patannē nǣ nēda jīvitē?
SPEAKER_8-111|ජනාධිපතිවරයා කඩිමුඩියේ මහනුවරට ගොස් මහා නායක හිමිවරුන් බැහැදුටු අතර, පස්වන දා පාර්ලිමේන්තුවට ඉදිකිරීම සඳහා න්‍යාය පුස්තකයට|janādhipativarayā kaḍimuḍiyē mahanuvaraṭa gos mahā nāyaka himivarun bæhæduṭu atara, pasvana dā pārlimēntuvaṭa idikirīma saṉdahā nyāya pustakayaṭa
SPEAKER_8-112|ඔබ වහන්සේගේ ඇස්‌ ඉරු එළියට අඳුරු වී ගියා විය යුතු යි.|oba vahansēgē æs‌ iru eḷiyaṭa aṉduru vī giyā viya yutu yi.
SPEAKER_8-113|එතනින් පස්සෙ උසස් පෙළට විවිධ විෂය ධාරාවන් යටතෙ අපි විසිරුනා.|etanin passe usas peḷaṭa vividha vişaya dhārāvan yaṭate api visirunā.
SPEAKER_8-114|හෘදය සාක්ෂියෙන් ගැලවෙන්න පුලුවන්ද? තාජුදීන්ගේ මරණ අභිරහස දැන් කාලයක ඉදන් ප්‍රවෘත්ති වල පෙරලි කරනවා|hṛdaya sākşiyen gælavenna puluvanda? tājudīngē maraṇa abhirahasa dæn kālayaka idan pravṛtti vala perali karanavā|case
SPEAKER_8-115|සියලු ම වර්ගවල වර්ණවත්‌ පොත්‌ පේළිවලින්‌ ඒවා පුරවා තිබිණ.|siyalu ma vargavala varṇavat‌ pot‌ pēḷivalin‌ ēvā puravā tibiṇa.
SPEAKER_8-116|පෙර දිනයක මා පෙම්කල යුවතිය මා පුතු නලවනවා.|pera dinayaka mā pemkala yuvatiya mā putu nalavanavā.
SPEAKER_8-117|"රැයත් දවාලත් ""කෙටි චිත්‍රපටයෙන් ""හන්තානෙ කථාව"" ට එකතුවුනු මොහු ""අහස් ගව්ව"" හරහා ලාංකේය සිනමාව පුරාම රස්තියාදුගැසුවේය."|ræyat davālat  keṭi citrapaṭayen  hantāne kathāva  ṭa ekatuvunu mohu  ahas gavva  harahā lāṁkēya sinamāva purāma rastiyādugæsuvēya.
SPEAKER_8-118|ක්‍රිස්තු වර්ෂ පළමුවන සියවසේ යුදෙව් චිත්‍රකලාවල රූප ඇත්තේ නැති තරම්ය.|kristu varşa paḷamuvana siyavasē yudev vitrakalāvala rūpa ættē næti taramya.
SPEAKER_8-119|ගෙදරින් අකමැති වීමයි මාව අයින් කරපු එකයි අතරේ සම්බන්දෙ මොකක්ද කියලා මට කියනවද?|gedarin akamæti vīmayi māva ayin karapu ekayi atarē sambande mokakda kiyalā maṭa kiyanavada?
SPEAKER_8-120|මෙයාලම නේ පොඩි උන් යන එන නිදහස් චතුරස්සරේ තොල දාන්න දෙන්නේ නැතෙයි කියාලා අර සික්කා මරාගෙන|meyālama nē poḍi un yana ena nidahas caturassarē tola dānna dennē næteyi kiyālā ara sikkā marāgena
SPEAKER_8-121|මැරියන් නෝනා තමයි අපේ පන්තියට රසම රස බත් එක එවන්නේ.|mæriyan nōnā tamayi apē pantiyaṭa rasama rasa bat eka evannē.
SPEAKER_8-122|අනික මහා ගංවතුර ගැන සඳහන් නොවුනත් ජනප්‍රවාදයේ එන මහාසම්මත රජු, තෝරා පත්කර ගැනීම සහ හින්දු මනු|anika mahā gaṁvatura gæna saṉdahan novunat janapravādayē ena mahāsammata raju tōrā patkara gænīma saha hindu manu
SPEAKER_8-123|මම දැකල තියෙනවනේ අම්මල උයන හැටි, මට පුළුවන් වෙයි, හොඳයි එහෙනම් හාල්|mama dækala tiyenavanē ammala uyana hæṭi, maṭa puḷuvan veyi hoṉdayi ehenam hāl
SPEAKER_8-124|කෙසේ වෙතත් ප්‍රහාරය එල්ල කර ඇත්තේ කිනම් පාර්ශවයක් විසින් ද යන්න සම්බන්ධයෙන් මෙතෙක් හෙළිදරව් වී නොමැත.|kesē vetat prahāraya ella kara ættē kinam pārśavayak visin da yanna sambandhayen metek heḷidarav vī nomæta.
SPEAKER_8-125|මේ වගෙ අනෝරා වැහි වහින දවසට මට තියනවනෙ විශේෂ රාජකාරියක්.|mē vage anōrā væhi vahina davasaṭa maṭa tiyanavane viśēşa rājakāriyak.
Chunk 5 end|2.41
SPEAKER_8-126|ඇවිදින විට, වාඩි වී සිටින විට, විවේකීව සිටින විට|ævidina viṭa, vāḍi vī siṭina viṭa, vivēkīva siṭina viṭa
SPEAKER_8-127|ක්ෂුද්‍ර ජීවී විද්‍යාවට අනුව පෘථිවිය මත ජලය ඇති ස්ථාන නිරූපණය කෙරෙන ප්‍රස්තාරිත ව්‍යාප්ති|kşudra jīvī vidyāvaṭa anuva pṛthiviya mata jalaya æti sthāna nirūpaṇaya kerena prastārita vyāpti
SPEAKER_8-128|රාජපක්ෂ කෞතුකාගාරය ඉදිකිරිමේ දී රාජ්‍ය මුදල් අවභාවිතා කළැයි කියන සිද්ධියට සම්බන්ධ නඩුවට පෙනී සිටීමට සඳහා හිටපු|rājapakşa kautukāgāraya idikirimē dī rājya mudal avabhāvitā kaḷæyi kiyana siddhiyaṭa sambandha naḍuvaṭa penī siṭīmaṭa saṉdahā hiṭapu
SPEAKER_8-129|සමාජ මාධ්‍ය තහනම ගැන පුළුල් විග්‍රහයක් කරමින් නවීන් දිසානායක මහතා කියා සිටියේ, මේ පිළිබඳව තව දුරටත්|samāja mādhya tahanama gæna puḷul vigrahayak karamin navīn disānāyaka mahatā kiyā siṭiyē, mē piḷidava tava duraṭat
SPEAKER_8-130|ඉතින්, විශාල වරදක් සිදු වුනු විටකදී, පිටත ලෝකයට කෙලෙස පෙනී සිටියත්, ඔබේ සිතෙන් ඔබට ගැලවෙන්නට පුළුවන්ද?|itin, viśāla varadak sidu vunu viṭakadī, piṭata lōkayaṭa kelesa penī siṭiyat, obē siten obaṭa gælavennaṭa puḷuvanda?
SPEAKER_8-131|ෆීලික්ස් පෙරේරා මහතා සමාජසේවා ඇමතිව සිටි සමයේදී මෙම රථය රතු කුරුස සංවිධානයෙන් එම අමාත්‍යාංශය වෙත ලබාගෙන|fīliks perērā mahatā samājasēvā æmativa siṭi samayēdī mema rathaya ratu kurusa saṁvidhānayen ema amātyāṁśaya veta labāgena
SPEAKER_8-132|සුබ පැතුම්! සුදාරකගේ අන්තර්ජාල සටහන රුහුණු විශ්ව විද්‍යාලයේ තාක්ෂනික විද්‍යා පීඨය විවෘත කිරිම සදහා.|suba pætum  sudārakagē antarjāla saṭahana ruhuṇu viśva vidyālayē tākşanika vidyā pīṭhaya vivṛta kirima sadahā.
SPEAKER_8-133|මේ දින වනවිට එම මාර්ගයේ බොහෝ ස්ථාන ඉරි තැලීම් හා ගිලාබැසීම් වලට ලක්වෙමින් වලවල් හෑරීම නිසා|mē dinavaṭa ema mārgayē bohō sthāna iri tælīm hā gilābæsīm valaṭa lakvemin valaval hǣrīma nisā
SPEAKER_8-134|සභාපතිවරයාගේ පසුපසින් සිටින්නේ කායවර්ධන සංගමයෙන් ඉවත්කළ චන්දන අලුත්ගේ මහතායි.|sabhāpativarayāgē pasupasin siṭinnē kāyavardhana saṁgamayen ivatkaḷa candana alutgē mahatāyi.
SPEAKER_8-135|ඉතිරි පෙදෙස් අතහැර දැමීමෙන් පසුව තවදුරටත් රුසියාව සතු වූ ඇලස්කාව කොයි වෙලාවක හෝ බ්‍රිතාන්‍යය විසින් පහසුවෙන්|itiri pedes atahæra dæmīmen pasuva tavaduraṭat rusiyāva satu vū ælaskāva koyi velāvaka hō britānyaya visin pahasuven
SPEAKER_8-136|රස්තියාදු ගැසීම, චිත්‍රපටි බැලීම, අපේ හෝටල්, මුස්ලිම් හෝටලයේ සුප් එක, තෝසෙ කඩේ, ගුළි කාරයෝ සහ තෙල්|rastiyādu gæsīma, citrapaṭi bælīma, apē hōṭal, muslim hōṭalayē sup eka, tōse kaḍē, guḷi kārayō saha tel
SPEAKER_8-137|කවියනම් මල් මචෝ, අඩේ ඉතින් රටේ ලෝකෙ වෙන දේවල් නේ බන් කොළොම්පුරේ|kaviyanam mal macō, aḍē itin raṭē lōke vena dēval nē ban koḷompure්
SPEAKER_8-138|අනික පුංචි පුංචි රෑපවලින් මේ දැවැන්ත ක්‍රියාවලින් පැහැදිලි වෙන රෑප දාන්නත් බෑ.|anika puṁci puṁci rǣpavalin mē dævænta kriyāvalin pæhædili vena rǣpa dānnat bǣ.
SPEAKER_8-139|කතා කරනවා කිව්වට, රෝහිණි මගෙන් අහනවා අපේ ගෙදර විස්තර.|katā karanavā kivvaṭa, rōhiṇi magen ahanavā apē gedara vistara.
SPEAKER_8-140|ආර් ඒ චන්ද්‍රසේන , වික්ටර් රත්නායක |ār ē candrasēna , vikṭar ratnāyaka
SPEAKER_8-141|ඉඩම්වල අයිතිය ඒ තරම් පැරණි කාලයක්, එනම් නව පාෂාණ යුගය තෙක් දිව යාම විස්මයට කරුණක්.|iḍamvala ayitiya ē taram pæraṇi kālayak, enam nava pāşāṇa yugaya tek diva yāma vismayaṭa karuṇak.
SPEAKER_8-142|'මොකද පොඩ්ඩියේ ඔය හිනාව' ලොක්කි දෙතුන්පාරක්ම අහනකල් මම හිනා උනා.|'mokada poḍḍiyē oya hināva' lokki detunpārakma ahanakal mama hinā unā.
SPEAKER_8-143|ඉන් පසුව මෙකී පරීක්‍ෂණයේ ප්‍රතිඵල සාමාන්‍ය පරිදි දැනුම් දීමටද|in pasuva mekī parīkşaṇayē pratiphala sāmānya paridi dænum dīmaṭada
SPEAKER_8-144|දෙදහස් පහලවේ දී මෙවැනි සිංහ පැටියකුගේ මළ සිරුරක්, මාධ්‍යයට අනාවරණය කරමින්, ආචාර්ය ප්‍රොටොපෝපොව් කීවේ, අද වෙසෙන සිංහයන්ගේ|dedahas pahalavē dī mevæni siṁha pæṭiyakugē maḷa sirurak mādhyayaṭa anāvaraṇaya karamin ācārya proṭopōpov kīvē ada vesena siṁhayangē
SPEAKER_8-145|අලිය කොච්චර ලොකු උනත්, සමහර වෙලාවට අලින්ටත් වෙඩි තියල දානවනේ.|aliya koccara loku unat, samahara velāvaṭa alinṭat veḍi tiyala dānavanē.
SPEAKER_8-146|රජය සහ සමාජ ජාලා සේවාවන් මෙන්ම, සමාජ ජාලා භාවිතා කරන ප්‍රජාව ද, සමාජ හා ආරක්ෂක ස්ථායීභාවයක්|rajaya saha samāja jālā sēvāvan menma samāja jālā bhāvitā karana prajāva da samāja hā ārakşaka sthāyībhāvayak
SPEAKER_8-147|මෙම සම්මානය, ප්‍රවීන නිළි වූ, රීටා ඩොමිනික් හා, සංගීතය, නිෂ්පාදකයා හා රැප්, එඩී දොන් මගින්, සත්කාරකත්වය|mema sammānaya pravīna niḷi vū rīṭā ḍominik hā saṁgītaya, nişpādakayā hā ræp eḍī don magin satkārakatvaya
SPEAKER_8-148|මහ සභා රැස්වීමකදී තීරණය කළද, එදින සම්මත කරගත්|maha sabhā ræsvīmakadī tīraṇaya kaḷada edina sammata karagat
SPEAKER_8-149|උසස් පෙළ කරන්න මධ්‍ය මහා විද්‍යාලයකට ගියා විතරයි, හිච් එකක් ඇමිණුනා.|usas peḷa karanna madhya mahā vidyālayakaṭa giyā vitarayi, hic ekak æmiṇunā.
SPEAKER_8-150|පින්න මල් පොකුරක් වගෙ හිනාවේගන එයා අපි ලඟට ආවා.|pinna mal pokurak vage hināvēgana eyā api laṉgaṭa āvā.
Chunk 6 end|3.13
SPEAKER_8-151|මෑතකදී එනම් දෙදහස් අට වසරේදී ලෝක ආහාර මිල ඉහල යාම එම වසරේම ආරම්භ වූ ගෝලීය ආර්ථික අර්බුදය|mǣtakadī enam dedahas aṭa vasarēdī lōka āhāra mila ihala yāma ema vasarēma ārambha vū gōlīya ārthika arbudaya
SPEAKER_8-152|ආණ්ඩුක්‍රම ව්‍යවස්ථාව සංශෝධනය කිරීම හෝ අහෝසි කිරීම කළ හැක්කේ හැත්තෑපස්වැනි වගන්තියකට අනුව නොව ව්‍යවස්ථාවේ|āṇḍukrama vyavasthāva saṁśōdhanaya kirīma hō ahōsi kirīma kaḷa hækkē hættǣpasvæni vagantiyakaṭa anuva nova vyavasthāvē
SPEAKER_8-153|මාස එකයි දවස් දහය කින් වගේ ඒ ආදායම අරන් තියෙන්නෙ.|māsa ekayi davas dahaya kin vagē ē ādāyama aran tiyenne.
SPEAKER_8-154|උන්ට කොන්ද කෙලිහෙන් තියාගෙන කෑගහන්නවත් පුළුවන් බං,දැන් ඉන්න උන්ට එහෙමවත් බෑ.|unṭa konda kelihen tiyāgena kǣgahannavat puḷuvan baṁ,dæn inna unṭa ehemavat bǣ.
SPEAKER_8-155|බණ්ඩාරනායක ශ්‍රීමතාණන්ගේ පනස් නවය වැනි ගුණ සමරුව හෙට.|baṇḍāranāyaka śrīmatāṇangē panas navaya væni guṇa samaruva heṭa.
SPEAKER_8-156|පිවිතුර හෙල උරුමයේ නායක ඇමති උදය ගම්මන්පිල මහතා එම පක්‍ෂ මූලස්ථානයේදී පැවති මාධ්‍ය හමුවක් අමතමින්|pivitura hela urumayē nāyaka æmati udaya gammanpila mahatā ema pakşa mūlasthānayēdī pævati mādhya hamuvak amatamin
SPEAKER_8-157|අපේ රටට ගැලපෙන පුවරුවක් මා නිර්මාණය කළා ඔබට මතක ඇති.|apē raṭaṭa gælapena puvaruvak mā nirmāṇaya kaḷā obaṭa mataka æti.
SPEAKER_8-158|එනම් මෙවැනි ප්‍රතිචාර දැක්වීම තුලින් එක් පසෙකින් ශ්‍රී ලාංකීය මුස්ලීම් සමාජය පිලිබදව ඔවුන් දරණ ආකල්පය මනාව|enam mevæni praticāra dækvīma tulin ek pasekin śrī lāṁkīya muslīm samājaya pilibadava ovun daraṇa ākalpaya manāva
SPEAKER_8-159|පැමිණිලිකරුගේ කාර්යාලයට පැමිණි ජෝසප් පිල්ලේ නමැත්තා තමා කොටි සාමාජිකයකු ලෙස ඇඟවීම තුළින් ඔහු කිසියම් තර්ජනයක් සිදුකිරීමට|pæmiṇilikarugē kāryālayaṭa pæmiṇi jōsap pillē namættā tamā koṭi sāmājikayaku lesa æṉgavīma tuḷin ohu kisiyam tarjanayak sidukirīmaṭa
SPEAKER_8-160|අවම කාලයකින් අවසන් වුන ක්‍රිකට් තරඟය ගැන ඔබ අසා තිබෙනවාද? මෙම තරඟය පවත්වලා තිබෙන්නෙ එක්දහස් නවසිය තිස්දෙකේ දී|avama kālayakin avasan vuna krikaṭ taraṉgaya gæna oba asā tibenavāda? mema taraṉgaya pavatvalā tibenne ekdahas navasiya tisdekē dī
SPEAKER_8-161|මේ දවස් වෙද්දී ඔය බම්බලපිටිය හරියේ තියෙන ඔය රෙදි කඩේ ඉන්න සෙනග සහ ඒකෙ වාහන පාර්ක්‌|mē davas veddī oya bambalapiṭiya hariyē tiyena oya redi kaḍē inna senaga saha ēke vāhana pārk‌|case
SPEAKER_8-162|බෝනස් සැතපුම් එක්කරගත් විට නොමිලේ හෝ සුලු මුදලක් ගෙවා තවත් ගුවන් ගමනකට සැරසුන හැකියි.|bōnas sætapum ekkaragat viṭa nomilē hō sulu mudalak gevā tavat guvan gamanakaṭa særasuna hækiyi.
SPEAKER_8-163|අබේරත්න මහතා අදහස් දක්වමින් ඉල්ලා සිටියේ 'අහන්න' වැඩසටහන පාසල් දරුවන් වෙනුවෙන් ද පවත්වන ලෙසයි.|abēratna mahatā adahas dakvamin illā siṭiyē 'ahanna' væḍasaṭahana pāsal daruvan venuven da pavatvana lesayi.
SPEAKER_8-164|ඔයාට ඕන ඕන විදිහට මගේ එකේ දත්ත ඇතුළත් කරන්න බෑ|oyāṭa ōna ōna vidihaṭa magē ekē datta ætuḷat karanna bǣ
SPEAKER_8-165|පාසල් ශිෂ්‍යාව නාවලපිටිය දිස්‌ත්‍රික්‌ රෝහලට ඇතුළත් කොට ඇති බවයි වාර්තා වන්නේ.|pāsal śişyāva nāvalapiṭiya dis‌trik‌ rōhalaṭa ætuḷat koṭa æti bavayi vārtā vannē.
SPEAKER_8-166|මේ වෙලාවේ අහල පහල හිටපු අනිත් යාළුවො ටික අම්බිලියව ඇදලා අර ගත්තා.|mē velāvē ahala pahala hiṭapu anit yāḷuvo ṭika ambiliyava ædalā ara gattā.
SPEAKER_8-167|ස්වාභාවික පරිසරයට අංශු මාත්‍රයක හානියක් නොවන පරිදි වාරිමාර්ග සකස් කළහ.|svābhāvika parisarayaṭa aṁśu mātrayaka hāniyak novana paridi vārimārga sakas kaḷaha.
SPEAKER_8-168|සරලව පවසනවා මේ වසරේ අපෙන් පිට රටට ඇදී යන මුදල අප පියවා ගන්නේ කෙසේද|saralava pavasanavā mē vasarē apen piṭa raṭaṭa ædī yana mudala apa piyavā gannē kesēda
SPEAKER_8-169|කුවේටයේ රැඳී සිටින ඇමරිකානු හමුදාව සමඟ සේවය කළ, ඇමරිකානු ජාතිකයෙක් මත්ද්‍රව්‍ය විකිණීමේ චෝදනාව මත, කුවේට් මත්ද්‍රව්‍ය|kuvēṭayē ræṉdī siṭina æmarikānu hamudāva samaṉga sēvaya kaḷa æmarikānu jātikayek matdravya vikiṇīmē cōdanāva mata kuvēṭ matdravya
SPEAKER_8-170|එක්දහස් නවසිය අසූවේ දී කළ කැණීම්වලින් පසු යේසුස්ගේ සොහොන මත ඉදි කළ ස්මාරකය යේසුස්ගේ පවුලේ සොහොන් බිම පරීක්ෂා|ekdahas navasiya asūvē dī kaḷa kæṇīmvalin pasu yēsusgē sohona mata idi kaḷa smārakaya yēsusgē pavulē sohon bima parīkşā
SPEAKER_8-171|වැඩි දුර යන්නට පෙර පිටු පසින් පැමිණි ත්‍රීවීල් රථයක් බසය හරස් කොට නවත්වා ඇත.|væḍi dura yannaṭa pera piṭu pasin pæmiṇi trīvīl rathayak basaya haras koṭa navatvā æta.
SPEAKER_8-172|එහෙමත් නැත්තන් සෙනග පිරෙනකම් කිය කියා පරක්කු වෙනකම් බස් එක නතර කරන් හිටපුව.|ehemat nættan senaga pirenakam kiya kiyā parakku venakam bas eka natara karan hiṭapuva.
SPEAKER_8-173|මේ ඕනෑ ම පොතක්‌ ඕනෑ ම අයකුට කියවන්න|“mē ōnǣ ma potak‌ ōnǣ ma ayakuṭa kiyavanna
SPEAKER_8-174|ඒ දකින අන් දේශවල ජනයා මේ දේශය අගය කරනු ඇත.|ē dakina an de්śavala janayā me් de්śaya agaya karanu æta.
SPEAKER_8-175|මීට අමතරව අපිට තියෙන ලොකුම කරදරේ තමයි රොබින් හුඩ් පවුලෙන් අපිට එල්ල වෙලා තිබ්බ තර්ජනේ.|mīṭa amatarava apiṭa tiyena lokuma karadarē tamayi robin huḍ pavulen apiṭa ella velā tibba tarjanē.
Chunk 7 end|2.54
SPEAKER_8-176|පසු කලෙක කණිෂ්ඨ ශිෂ්‍යය නායක වු පසු අපිට නිල් සහ කහ පටියක් පෙර පරිදිම පැලදිය යුතුය|pasu kaleka kaṇişṭha śişyaya nāyaka vu pasu apiṭa nil saha kaha paṭiyak pera paridima pæladiya yutuya
SPEAKER_8-177|මේවා ඇහෙනකොට ඕනෑ කෙනෙකුට හිතෙන්නේ ඔරිජිනල් එක යනවා කියලා.|mēvā æhenakoṭa ōnǣ kenekuṭa hitennē orijinal eka yanavā kiyalā.
SPEAKER_8-178|අනික අනිත් පැත්තෙ ඉන්න ගෑනු ලමයා මොන වගේ හිතක් තියන කෙනෙක්ද මම දන්නෙ නැහැ.|anika anit pætte inna gǣnu lamayā mona vagē hitak tiyana kenekda mama danne næhæ.
SPEAKER_8-179|දැන් ඔයත් තාවකාලීක ප්‍රතිඵල ගෙන දෙන නිෂ්පාදන එක්ක ඔට්ටු වෙන එක ටිකක් සීමා කරන්න.|dæn oyat tāvakālīka pratiphala gena dena nişpādana ekka oṭṭu vena eka ṭikak sīmā karanna.
SPEAKER_8-180|උදේ මහ පාන්දර දහයට විතර ‍‍දුරකථනය නාද වෙද්දි මං මං බැලුව මේ මොකාද කියලා.|udē maha pāndara dahayaṭa vitara durakathanaya nāda veddi maṁ maṁ bæluva mē mokāda kiyalā.
SPEAKER_8-181|ආයතනයේ නම සඳහන් කිරීම නොසුදුසු නිසා එය සඳහන් නොකරමි.|āyatanayē nama saṉdahan kirīma nosudusu nisā eya saṉdahan nokarami.
SPEAKER_8-182|අනන්‍යතාව හෙළි නොකර කතාවක්|ananyatāva heḷi nokara katāvak
SPEAKER_8-183|පොඩි සැමත් හරිම ආසාවෙන් උදව් කරන්න ඇති නේද? ආස හිතෙනවා බං ඇඟිල්ල වුනත්.|poḍi sæmat harima āsāven udav karanna æti nēda? āsa hitenavā baṁ æṉgilla vunat.
SPEAKER_8-184|කැම්බල් පිටියේ සමුළුවට ආ පිරිසෙන් ගෝල්ෆේස් දෙකක් පුරවන්න පුළුවන්.|kæmbal piṭiyē samuḷuvaṭa ā pirisen gōlfēs dekak puravanna puḷuvan.
SPEAKER_8-185|ඉහත හදීසය හොදින් විශ්ලේෂණය කලේනම් ඉස්ලාමීය පාලනයක් යටතේ දඬුවම් ක්‍රියාත්මක කිරීමේ දී පවා කොතරම් ඉවසීමෙන්|ihata hadīsaya hodin viślēşaṇaya kalēnam islāmīya pālanayak yaṭatē daṇḍuvam kriyātmaka kirīmē dī pavā kotaram ivasīmen
SPEAKER_8-186|ඒවගේම කුණු කන්ද විරෝධි ව්‍යාපාරයක් එක්ක සාකච්ඡා කළා, මේ සිදුවීමට වැරදිකරුවන්ට දඬුවම් ලබා දෙන්න|ēvagēma kuṇu kanda virōdhi vyāpārayak ekka sākacchā kaḷā, mē siduvīmaṭa væradikaruvanṭa daṇḍuvam labā denna
SPEAKER_8-187|අපි දෙන්නා මිනිත්තු දෙක තුනක් හිටියා කතා බහක් නැතුව.|api dennā minittu deka tunak hiṭiyā katā bahak nætuva.
SPEAKER_8-188|ඇත්ත වශයෙන්ම අපේ නව ව්‍යවස්ථාවට පදනම් වන්නේ බෞද්ධ ප්‍රතිපත්ති හා මූලධර්මයි.|ætta vaśayenma apē nava vyavasthāvaṭa padanam vannē bauddha pratipatti hā mūladharmayi.
SPEAKER_8-189|මානව දයාවෙන් අනූන හදවතක කම්පනය මේ සියලු කතාතුළින් රළ නගන්නේ යැයි සිතමි.|mānava dayāven anūna hadavataka kampanaya mē siyalu katātuḷin raḷa nagannē yæyi sitami.
SPEAKER_8-190|"ඉතිං කාවද පත් කරන්නෙ?"" ලොකු කුමාරිහාමි කනස්සලු මූණකින් කිව්වා."|itiṁ kāvada pat karanne?  loku kumārihāmi kanassalu mūṇakin kivvā.
SPEAKER_8-191|මගීන්ගේ ආරක්ෂාව සඳහා විශේෂ වැඩපිළිවෙළක්ද මේ වනවිට ගුවන් තොටුපොළ විසින් ක්‍රියාවට නංවා ඇත.|magīngē ārakşāva saṉdahā viśēşa væḍapiḷiveḷakda mē vanaviṭa guvan toṭupeාḷa visin kriyāvaṭa naṁvā æta.
SPEAKER_8-192|දියණියන් තිදෙනෙකු හා පුතුන් තිදෙනෙකෙු ඒ අතර සිටින බව ද එම වෙබ් අඩවිය කියයි.|diyaṇiyan tideneku hā putun tidenekeු ē atara siṭina bava da ema veb aḍaviya kiyayi.
SPEAKER_8-193|තමිල්නාඩු සරණාගත කඳවුරුවල ලක්ෂයක් ශ්‍රී ලංකාවට එන්න සැරසෙයි.|tamilnāḍu saraṇāgata kaṉdavuruvala lakşayak śrī laṁkāvaṭa enna særaseyi.
SPEAKER_8-194|කාටද ඔබේ අත හිමිවන්නේ මා වාගේම ඔහු විමසන්නේ.|kāṭada obē ata himivannē mā vāgēma ohu vimasannē.
SPEAKER_8-195|(ගිණුමේ තියෙන්න ඕනේ සල්ලි ප්‍රමාණය) අපේ කවිකාරි කරන්නේ කඩේකට ගිහිං කෑම ඇනවුම් කරලා අවශ්‍ය ටික කාල|(giṇumē tiyenna ōnē salli pramāṇaya) apē kavikāri karannē kaḍēkaṭa gihiṁ kǣma ænavum karalā avaśya ṭika kāla|case
SPEAKER_8-196|අපිටත් බැරි දවසක් එන්න පුළුවන්නේ?, කොන්දොස්තර හරිම ශාන්තව කියල ආපහු ගියා.|apiṭat bæri davasak enna puḷuvannē?, kondostara harima śāntava kiyala āpahu giyā.
SPEAKER_8-197|විශේෂයෙන් මුස්ලිම් ජනයා බහුතරය වෙසෙන නගර හා දෙමළ ජනයා බහුතරය වෙසෙන නගර අතර සංවර්ධනයේ විෂමතාවයයි.|viśēşayen muslim janayā bahutaraya vesena nagara hā demaḷa janayā bahutaraya vesena nagara atara saṁvardhanayē vişamatāvayayi.
SPEAKER_8-198|මේ විදිහට මුළු රෑ පුරාම ගමනේ යෙදුනු අපි වැල්ලවාය හරියට සේන්දු වෙද්දී පෙරවරු පහයි තිහ වගේ වෙලා|mē vidihaṭa muḷu rǣ purāma gamanē yedunu api vællavāya hariyaṭa sēndu veddī peravaru pahayi tiha vagē velā
SPEAKER_8-199|එම පුස්තකයේ සඳහන් කරුණු ඔප්පු කරන ලද විද්‍යාත්මක න්‍යායන්ට පටහැනි නො විය යුතුයි.|ema pustakayē saṉdahan karuṇu oppu karana lada vidyātmaka nyāyanṭa paṭahæni no viya yutuyi.
SPEAKER_8-200|තාත්ත ගියාට පස්සේ මම කාමරේට ගිහිං ඇඳුම් එහෙම මාරු කරගෙන මුණකට හෝදගෙනම ආවා.|tātta giyāṭa passē mama kāmarēṭa gihiṁ æṉdum ehema māru karagena muṇakaṭa hōdagenama āvā.
Chunk 8 end|2.41
SPEAKER_8-201|එයින් විසි නව දෙනෙකු ත්‍රස්ත විමර්ශන අංශය විසින් ද, තවත් හතළිස්හයක් දිවයිනේ විවිධ පොලිස් ස්ථාන වෙතින්|eyin visi nava deneku trasta vimarśana aṁśaya visin da, tavat hataḷishayak divayinē vividha polis sthāna vetin
SPEAKER_8-202|පන්තිය බය කර පොර වටයක් ගසා නැවත පැමින ඇත.|pantiya baya kara pora vaṭayak gasā nævata pæmina æta.
SPEAKER_8-203|දුක සතුට හැමෝටම පොදුයි,අන්තිම පිළිතුර විදිහට ඔයා කියන දේට මම විරුද්ධයි,අපිට ලැබෙන සමාජයේ සතුටෙන් ජිවත් වෙන්න|duka satuṭa hæmōṭama poduyi,antima piḷitura vidihaṭa oyā kiyana dēṭa mama viruddhayi,apiṭa læbena samājayē satuṭen jivat venna
SPEAKER_8-204|එහෙත් ධර්මසිරි සෙනෙවිරත්න මහතා ඉන්නේ බොහෝදුරට මීට ප්‍රතිවිරුද්ධ අදහසකය​.|ehet dharmasiri seneviratna mahatā innē bohōduraṭa mīṭa prativiruddha adahasakaya​.
SPEAKER_8-205|සුර්යය තාපය හේතුවෙන් හට ගන්න භූ තාපය බොහෝ අන්තර්ජන්‍ය ක්‍රියාවලීන්ට අවශ්‍ය ශක්තිය නිපදවනු ලැබේ.|suryaya tāpaya hētuven haṭa ganna bhū tāpaya bohō antarjanya kriyāvalīnṭa avaśya śaktiya nipadavanu læbē.
SPEAKER_8-206|නිදසුනක් ලෙස මුස්ලීම් සමාජය තුල සිදුවූ සමීපතම සිදුවීමක් පදනම් කරගෙන අන්තර්ජාලය තුල පලවූ ලිපියක්|nidasunak lesa muslīm samājaya tula siduvū samīpatama siduvīmak padanam karagena antarjālaya tula palavū lipiyak
SPEAKER_8-207|තවද, කතෘ ගේ අයිතියකින් තොරව කිසිදු වෙබ් අඩවියක මේ උපසිරැසි පල නොකරන්න, ජොයින් අස් ඔන් ෆේස් බුක්, ට්විටර්|tavada, katṛ gē ayitiyakin torava kisidu veb aḍaviyaka mē upasiræsi pala nokaranna, joyin as on fēs buk, ṭviṭar
SPEAKER_8-208|ඉදිරි මැතිවරණයේදී වව්නියාව ප්‍රාදේශීය සභාවට ඉදිරිපත්ව සිටින|idiri mætivaraṇayēdī vavniyāva prādēśīya sabhāvaṭa idiripatva siṭina
SPEAKER_8-209|හිටි ගමන් මේ පරිසරයෙදි අපි අඳුනගත්ත පැරණි මිතුරන්, මිතුරියන් අතර මගදි හමුවුනා.|hiṭi gaman mē parisarayedi api aṉdunagatta pæraṇi mituran, mituriyan atara magadi hamuvunā.
SPEAKER_8-210|මැලේසියා ඉන්න එවුන් බොරුවට මෙහෙ ලොකු කරන්න හදනවා මම දිවුරනවා ඕන තැනක මට හම්බුනේ චාටර් කම්පැණි|mælēsiyā inna evun boruvaṭa mehe loku karanna hadanavā mama divuranavā ōna tænaka maṭa hambunē cāṭar kampæṇi
SPEAKER_8-211|මම ප්‍රාර්ථනා කරනවා සියලු දුක නැති වෙලා හොද ජිවිතයක් ගත කරන්න පුළුවන් වෙන්න කියලා.|mama prārthanā karanavā siyalu duka næti velā hoda jivitayak gata karanna puḷuvan venna kiyalā.
SPEAKER_8-212|කොහොම කොහොම හරි වැහි බිංදුවල ආශිර්වාද මැද්දේ මාගේ ජයග්‍රහණය තහවුරු වේවා.|kohoma kohoma hari væhi biṁduvala āśirvāda mæddē māgē jayagrahaṇaya tahavuru vēvā.
SPEAKER_8-213|දැනට පළාත් පාලන ආයතනවල පැවැත්වෙන ඡන්ද ක්‍රමය විකෘති ක්‍රමයක් නිසා තමයි මේ ඡන්ද ක්‍රමය පැවැත්වෙන්නේ.|dænaṭa paḷāt pālana āyatanavala pævætvena chanda kramaya vikṛti kramayak nisā tamayi mē chanda kramaya pævætvennē.
SPEAKER_8-214|අර කවුදෝ හින්දි නිළියක් ඉන්නෙ හරියට ආං ඒ වගේමයි කිව්ව.|ara kavudō hindi niḷiyak inne hariyaṭa āṁ ē vagēmayi kivva.
SPEAKER_8-215|ඒ නිසා එම ඇඩ් ඉන්ස් එක මොනවගේ ක්‍රියාකාරීත්වයෙන් යුක්තද කියන එක මෙහි දැක්වෙන ටයිප් හිදී දැන ගන්නට හැකියි.|ē nisā ema æḍ ins eka monavagē kriyākārītvayen yuktada kiyana eka mehi dækvena ṭayip hidī dæna gannaṭa hækiyi.
SPEAKER_8-216|ලබා දී ඇති උපසිරසියෙ සදහන් පිටපත සදහා අදාළ වේ.|labā dī æti upasirasiye sadahan piṭapata sadahā adāḷa vē.
SPEAKER_8-217|ගෙවුම් ශේෂයෙහි සරල අරුත නම් අපෙන් පිටට ඇදී යන මුදල සහ පිටින් අප වෙත ඇදී එන|gevum śēşayehi sarala aruta nam apen piṭaṭa ædī yana mudala saha piṭin apa veta ædī ena
SPEAKER_8-218|ඌ ඒ කාලේ වෙද්දී ප්‍රධාන ශිෂ්‍ය නායකයා වගේම, විජය නිවාසයේ නායකයා.|ū ē kālē veddī pradhāna śişya nāyakayā vagēma, vijaya nivāsayē nāyakayā.
SPEAKER_8-219|හම්බන්තොට වරාය චීනයට ලබා දීම තුලින් කලාපයේ දේශපාලන සමතුලිතතාවයට ගැටළු ඇති විය හැකි බවත්|hambantoṭa varāya cīnayaṭa labā dīma tulin kalāpayē dēśapālana samatulitatāvayaṭa gæṭaḷu æti viya hæki bavat
SPEAKER_8-220|හැම ගමකම වගේ අපේ ගමෙත් තිබ්බනේ මේ සැරේ අවුරුද්දට සුර්ය මංගල්‍යක්.|hæma gamakama vagē apē gamet tibbanē mē særē avuruddaṭa surya maṁgalyak.
SPEAKER_8-221|තිරික්කලයක්‌, අපේ ආත්තම්මලාගේ ගෙදර තියෙන්නෙ මාතර, අපි එහේ ගියෘ ම තිරික්කලෙන්‌ ගිහින්‌ තියෙනවා|tirikkalayak‌, apē āttammalāgē gedara tiyenne mātara, api ehē giyṛ ma tirikkalen‌ gihin‌ tiyenavā
SPEAKER_8-222|එසේ සිදු නොවුණේ ඇයි? අප දන්නා තරමින් මුදල් ඇමතිතුමාගෙන් සාකච්ඡාවක් ඉල්ලා සිටියේවත්, එවැනි සාක්ඡාවක් පැවැත්වුනේවත් නැත.|esē sidu novuṇē æyi? apa dannā taramin mudal æmatitumāgen sākacchāvak illā siṭiyēvat, evæni sākchāvak pævætvunēvat næta.
SPEAKER_8-223|පසුගිය හයවෙනිදා ඉරිදා ලංකාදීප පුවත් පත|pasugiya hayavenidā iridā laṁkādīpa puvat pata
SPEAKER_8-224|අවුරුදු නැකැත් අදින් අවසන් සිංහල හා දෙමළ අලුත් අවුරුදු නැකැත් චාරිත්‍රවල අවසන්|avurudu nækæt adin avasan siṁhala hā demaḷa alut avurudu nækæt cāritravala avasan
SPEAKER_8-225|කලින් ක්ලාස් ආපු ගෑණු ළමයින්ට ඇතුලට එන්න විදිහකුත් නෑ අපි දොරවල් වහගෙනනේ.|kalin klās āpu gǣṇu ḷamayinṭa ætulaṭa enna vidihakut nǣ api doraval vahagenanē.
Chunk 9 end|3.04
SPEAKER_8-226|ගණිතය සිසුන්ට මීට වඩා ගෝචර වෙනවා ගුරුවරු බොහොම සුහදව ඒ විෂය ඉගැන්වූවා නම්.|gaṇitaya sisunṭa mīṭa vaḍā gōcara venavā guruvaru bohoma suhadava ē vişaya igænvūvā nam.
SPEAKER_8-227|ලෝහ තාක්ෂණය පිළිබඳ පුරාවිද්‍යා පර්යේෂණවලින්‌ පෙනී යයි|lōha tākşaṇaya piḷibaṉda purāvidyā paryēşaṇavalin‌ penī yayi
SPEAKER_8-228|අර කෙල්ල එක පාරට කියපි කොට මොඩ්ල් ළඟ පිකප් කියලා.|ara kella eka pāraṭa kiyapi koṭa moḍl ḷaṉga pikap kiyalā.
SPEAKER_8-229|අම්මෝ ලැබෙන ආතල් එක ගැන මතක් වෙලා මට පුදුම සතුටක් දැණුනා.|ammō læbena ātal eka gæna matak velā maṭa puduma satuṭak dæṇunā.
SPEAKER_8-230|තවද, ඔවුන් ඈත බැංකු සැලකිලිමත් වන ලෙස මෙසේ ඔවුන් බෙහෙවින් සේවාලාභියා හෝ සාමාන්ය දෙයක් තිබුනේ නෑ|tavada, ovun ǣta bæṁku sælakilimat vana lesa mesē ovun behevin sēvālābhiyā hō sāmānya deyak tibunē nǣ
SPEAKER_8-231|එහෙනම් නුඹ විරුද්ධ වුණේ මේ රටේ මහා රජුට බැව් සිහි තබා ගත්තොත් හොදයි.|ehenam numba viruddha vuṇē mē raṭē mahā rajuṭa bæv sihi tabā gattot hodayi.
SPEAKER_8-232|ඉතින් ඒකත් වැල්ලවායෙන්ම හදාගෙන යමු කියල අපි කතා වුනා.|itin ēkat vællavāyenma hadāgena yamu kiyala api katā vunā.
SPEAKER_8-233|ඇය සතු මෙම ඉඩමේ වටිනාකම මිලියන හැත්තෑපහක් වන නමුත් අදාළ ඉඩමේ වටිනාකම ලක්ෂ හැත්තෑපහක් බව දක්වා|æya satu mema iḍamē vaṭinākama miliyana hættǣpahak vana namut adāḷa iḍamē vaṭinākama lakşa hættǣpahak bava dakvā
SPEAKER_8-234|පොලොවේ පය ගහලා ජීවත් වෙන්න කොයි දරුවත් පුරුදු පුහුණු කරන එක දෙමව්පියන්ගේ වගකීමක්! එතකොට ළමයි ඉගෙන|polovē paya gahalā jīvat venna koyi daruvat purudu puhuṇu karana eka demavpiyangē vagakīmak  etakoṭa ḷamayi igena
SPEAKER_8-235|ඔවුන් ගෙන් පත් වූ එකම ඇමතිවරයකුවත් ආණ්ඩුවේ නැහැ නේද ? අද ආණ්ඩුවේ ඡන්දයෙන් තේරී|ovun gen pat vū ekama æmativarayakuvat āṇḍuvē næhæ nēda ? ada āṇḍuvē chandayen tērī
SPEAKER_8-236|මෙය තාවකාලික ක්‍රියාමාර්ගයක් පමණක් සම්බා සහල්, කුකුළු මස් හා බිත්තර සඳහා පාලන මිලක්|meya tāvakālika kriyāmārgayak pamaṇak sambā sahal, kukuḷu mas hā bittara saṉdahā pālana milak
SPEAKER_8-237|සර්ගේ ගෙදරට පැනපු හොරෙක් සර්ගේ ඔලුවට ගහපු පොලු පාරක් නිසා තමයි කියනවා එහෙම සිද්ධ වුනේ.|sargē gedaraṭa pænapu horek sargē oluvaṭa gahapu polu pārak nisā tamayi kiyanavā ehema siddha vunē.
SPEAKER_8-238|ගැලීලියෝට දුරේක්‍ෂයත් අකුළාගෙන පැන යන්නට සිදුවීම ගැන උඹ අසා නැතුවා විය නොහැකිය.|gælīliyōṭa durēkşayat akuḷāgena pæna yannaṭa siduvīma gæna umba asā nætuvā viya nohækiya.
SPEAKER_8-239|නැත්නම් දවස් තුනක ගමනට කීයක්නම් කියල ගෙවන්න වෙයිද ජීප් එකකට.|nætnam davas tunaka gamanaṭa kīyaknam kiyala gevanna veyida jīp ekakaṭa.
SPEAKER_8-240|සිසුවා වෙනුවෙන් මෙහිදී විශේෂ තිළිණයක්ද ජනපතිවරයා විසින් පිරිනැමූ බවත් ඔහුගේ ඉදිරි අධ්‍යාපන සාර්ථක කර ගැනීමට|sisuvā venuven mehidī viśēşa tiḷiṇayakda janapativarayā visin pirinæmū bavat ohugē idiri adhyāpana sārthaka kara gænīmaṭa
SPEAKER_8-241|මේ අනුව තරග පහට බිංදුවක් ලෙස තරගාවලියම පරාජය වීමේ අවදානමකට ශ‍්‍රී ලංකා පිල මුහුණ දී ඇත.|me් anuva taraga pahaṭa biṁduvak lesa taragāvaliyama parājaya vīme් avadānamakaṭa śrī laṁkā pila muhuṇa dī æta.
SPEAKER_8-242|මෙම ප‍්‍රතිපත්තියට දරුණු ප‍්‍රහාර එල්ල වන, මෙය වැරදි විශ්වාසයක් බව ඔප්පු කිරීමට ප‍්‍රමාණවත් වදන් ප්‍රොතෙස්තන්ත නිකායිකයන්|mema pratipattiyaṭa daruṇu prahāra ella vana, meya væradi viśvāsayak bava oppu kirīmaṭa pramāṇavat vadan protestanta nikāyikayan
SPEAKER_8-243|ඉරිදා දවසෙ උදේම විද්‍යා පන්තිය ඊට පස්සෙ ගණිතය පන්තිය.|iridā davase udēma vidyā pantiya īṭa passe gaṇitaya pantiya.
SPEAKER_8-244|ඔහොම ටික වෙලාවක් යනකොට එකෙක් පොඩ්ඩක් පැත්තකට ගිහින් පැත්තකින් ඔළුව තියාගෙන ඉන්නවා දැක්කා.|ohoma ṭika velāvak yanakoṭa ekek poḍḍak pættakaṭa gihin pættakin oḷuva tiyāgena innavā dækkā.
SPEAKER_8-245|දෙදහස් පහ ජනාධිපතිවරණයේ දී එය යාපනය වැනි හමුදාව සතුව තිබූ ප‍්‍රදේශවලට ද ව්‍යාප්ත වූයේ ආණ්ඩුවේ මුග්ධ සාමය|dedahas paha janādhipativaraṇayē dī eya yāpanaya væni hamudāva satuva tibū pradēśavalaṭa da vyāpta vūyē āṇḍuvē mugdha sāmaya
SPEAKER_8-246|වෙනත් වසර වලදී කෑගල්ල මහජන ක්රීඩාන්ගන්යේ පවතී මෙම තරගය මෙවර වෙලගෙදර ක්‍රීඩාංගනයේ පැවැත්වීමට සිදු වී තිබෙන්නේ|venat vasara valadī kǣgalla mahajana krīḍānganyē pavatī mema taragaya mevara velagedara krīḍāṁganayē pævætvīmaṭa sidu vī tibennē
SPEAKER_8-247|අපේ දියුණුවක් නැත්තෙ ඇයි?|apē diyuṇuvak nætte æyi?
SPEAKER_8-248|ඒ විතරක් නෙමෙයි තම කණ්ඩායම කුමක්දැයි දුර සිටම කියා පෑමට භාවිතා කරන ඒ ඒ කණ්ඩායම් වලට|ē vitarak nemeyi tama kaṇḍāyama kumakdæyi dura siṭama kiyā pǣmaṭa bhāvitā karana ē ē kaṇḍāyam valaṭa
SPEAKER_8-249|පසුගිය රාජපක්‍ෂ සමයේ ඔවුන් හොරකම් කලේ ලස්සනට වාඩිවෙලා සිටිමින් බවත් දැන් මේ ආණ්ඩුව හොරකම් කරන්නේ එලිපිට|pasugiya rājapakşa samayē ovun horakam kalē lassanaṭa vāḍivelā siṭimin bavat dæn mē āṇḍuva horakam karannē elipiṭa
SPEAKER_8-250|ඇහැලේපොල කුමාරිහාමි ගැන විස්තර හොයද්දි මට මේ සයිට් එක හම්බුනේ.|æhælēpola kumārihāmi gæna vistara hoyaddi maṭa mē sayiṭ eka hambunē.
Chunk 10 end|2.58
SPEAKER_8-251|අද බෲස් ලීගේ අනුස්මරන දිනය නිසා මමත් ලිපියක් දැම්මා.|ada bṝs līgē anusmarana dinaya nisā mamat lipiyak dæmmā.
SPEAKER_8-252|ඉතින් මම කවුද කියල මමම අඳුන්වල දුන්නා, ඊට පස්සේ එයා සර්ට කතා කලා.|itin mama kavuda kiyala mamama aṉdunvala dunnā, īṭa passē eyā sarṭa katā kalā.
SPEAKER_8-253|අනේ පුතේ දැන් ඉතින් මට කොයි වෙලේ මැරුණත් කමක් නෑ, මගේ දරුවෝ සතුටෙන් හොඳින් ඉන්නව දැකලා|anē putē dæn itin maṭa koyi velē mæruṇat kamak nǣ, magē daruvō satuṭen hoṉdin innava dækalā
SPEAKER_8-254|ඒත් ආරුගම්බේ හරියේදී පොඩ්ඩක් වාහනේ වේගේ අඩු කරලා පොඩ්ඩක් වටපිට බැලුවා, ගිනිගහන අව්ව ඇරෙන්න වෙන කිසි|ēt ārugambē hariyēdī poḍḍak vāhanē vēgē aḍu karalā poḍḍak vaṭapiṭa bæluvā, ginigahana avva ærenna vena kisi
SPEAKER_8-255|තවද ජනවාරි නව වනදා නිලවරණය පැවැත්වෙන්නේ නම් දෙසැම්බර් විසිහය වනදා වන විට තම සාමාජිකත්වය වෙත විගණන ගිණුම් වාර්තා|tavada janavāri nava vanadā nilavaraṇaya pævætvennē nam desæmbar visihaya vanadā vana viṭa tama sāmājikatvaya veta vigaṇana giṇum vārtā
SPEAKER_8-256|ඔහු වසරකට අධික කාලයක් තිස්සේ හරියාකාරව නින්දක් නැති කමින් පීඩා විඳිනවා.|ohu vasarakaṭa adhika kālayak tissē hariyākārava nindak næti kamin pīḍā viṉdinavā.
SPEAKER_8-257|කෑගලු විද්‍යාලය හා ශාන්ත මරියා විදුහල අතර තිස් හය වන වරට පවත්වන රන්මහ සටන ක්‍රිකට් තරගය|kǣgalu vidyālaya hā śānta mariyā viduhala atara tis haya vana varaṭa pavatvana ranmaha saṭana krikaṭ taragaya
SPEAKER_8-258|සම ලිංගික සම්බන්ධතා පැවැත්වීම සාපරාධී වරදක් බී බී සී නිවුස් සිංහල ඉන්දීය ශ්‍රේෂ්ඨාධිකරණය කියා සිටියේ, සමලිංගික චර්යාව|sama liṁgika sambandhatā pævætvīma sāparādhī varadak bī bī sī nivus siṁhala indīya śrēşṭhādhikaraṇaya kiyā siṭiyē, samaliṁgika caryāva
SPEAKER_8-259|අපේ ඉස්කෝලේ එවුන් දෙසීයක් විතර මගේ ෆේස් බුකි ෆ්‍රෙන්ඩ් ලිස්ට් එකේ සිටිති.|apē iskōlē evun desīyak vitara magē fēs buki frenḍ lisṭ ekē siṭiti.
SPEAKER_8-260|පනස් තුන්වන සේනාංකයේ සේනාංකාධිපති මේජර් ජෙනරාල් අතුල කොඩිප්පිල ඇතුළු නිලධාරින් සහ සෙසු නිලයින් රැසක් මෙම වැසටහන් සඳහා|panas tunvana sēnāṁkayē sēnāṁkādhipati mējar jenarāl atula koḍippila ætuḷu niladhārin saha sesu nilayin ræsak mema væsaṭahan saṉdahā
SPEAKER_8-261|මිලානෝ පැත්තෙද ඉන්නෙ? ඇණයක් වෙලා හරි හරියට ඇන ගන්න .|milānō pætteda inne? æṇayak velā hari hariyaṭa æna ganna .
SPEAKER_8-262|ඇලස්කාව ඇමරිකාවට විකිණීමට ආසන්න කාලයේදී ඇලස්කාව මෙන්ම වත්මන් ඇමරිකාවේ බටහිර වෙරළ තීරයේ තවත් බිම් පෙදෙස්ද|ælaskāva æmarikāvaṭa vikiṇīmaṭa āsanna kālayēdī ælaskāva menma vatman æmarikāvē baṭahira veraḷa tīrayē tavat bim pedesda
SPEAKER_8-263|ලකුණු හතරකදී කඩුලු තුනක් දැවී, ලකුණු අසූ දෙකක් ලැබීම හොඳ දෙයක්.|lakuṇu hatarakadī kaḍulu tunak dævī, lakuṇu asū dekak læbīma hoṉda deyak.
SPEAKER_8-264|වාර්ගික සමඟිය ඇති කිරීමේ අරමුණ පෙරදැරිව සිදු කරන්නාවූ දේශපාලන මැදිහත්වීම් බෞද්ධ භික්ෂූන් වහන්සේලා බොහෝවිට දකිනුයේ|vārgika samaṉgiya æti kirīmē aramuṇa peradæriva sidu karannāvū dēśapālana mædihatvīm bauddha bhikşūn vahansēlā bohōviṭa dakinuyē
SPEAKER_8-265|අපෙත් මිශ්‍ර පාසලක් හින්දා කොලු කෙලි කතා නම් එමටයි.|apet miśra pāsalak hindā kolu keli katā nam emaṭayi.
SPEAKER_8-266|මේ වෙද්දී මම උසස් අධ්‍යාපනය ලබනවා, ඒ කාලේ මට කැම්පස් එකේ ඉඳල ගෙදර යන්න එන්න බයික්|mē veddī mama usas adhyāpanaya labanavā, ē kālē maṭa kæmpas ekē iṉdala gedara yanna enna bayik
SPEAKER_8-267|ඇතැම් අය තමන්ට වෙන ම ගොඩ ගසන්නට පටන් ගත්තේ.|ætæm aya tamanṭa vena ma goḍa gasannaṭa paṭan gattē.
SPEAKER_8-268|නමුත් එම ආගම නියෝජනය කරන සමහරක් පිරිසක් අතින් ඉස්ලාම් දහම කිසිදු පදනමකින් තොරව නින්දිත ආකාරයට විවේචනය|namut ema āgama niyōjanaya karana samaharak pirisak atin islām dahama kisidu padanamakin torava nindita ākārayaṭa vivēcanaya
SPEAKER_8-269|එසේ තිබිය දී, ගල් අඟුරු ටෙන්ඩරයේ නොමැති කොන්දේසි ඉදිරිපත් කරමින් නැවත ගල් අඟුරු මිලදී ගැනීම|esē tibiya dī, gal aṉguru ṭenḍarayē nomæti kondēsi idiripat karamin nævata gal aṉguru miladī gænīma
SPEAKER_8-270|අනෙක් අතින් හමුදා බලප‍්‍රදේශවල පවත්වන මැතිවරණයක දී තමනට සිතූ හැටියේ ඡන්ද පෙට්ටි පිරවීමට කොටින්ට හැකිවන්නේ ද|anek atin hamudā balapradēśavala pavatvana mætivaraṇayaka dī tamanaṭa sitū hæṭiyē chanda peṭṭi piravīmaṭa koṭinṭa hækivannē da
SPEAKER_8-271|ලෙක්චරයත් ඔය සෙටප් එකේම ඉගෙන ගත්තු එකියක් වෙන්න ඕනැ.|lekcarayat oya seṭap ekēma igena gattu ekiyak venna ōnæ.
SPEAKER_8-272|ඒ හේතුවෙන් මේ වන විට ඔහු සිටන්නේ තීරණාත්මක අවස්ථාවක බවයි විචාරක මතය.|ē hētuven mē vana viṭa ohu siṭannē tīraṇātmaka avasthāvaka bavayi vicāraka mataya.
SPEAKER_8-273|අද සිට වත් අදිටන් කරගන්න පරිසරයට අපද්‍රව්‍ය එක් නොකරන්න.|ada siṭa vat adiṭan karaganna parisarayaṭa apadravya ek nokaranna.
SPEAKER_8-274|ෂෝටා දහය වසර හෝ එකොළහ වසර සාහිත්‍යය සමිතියක ගැයු‍වේ ෂැගීගේ ස්කුබී එකේ එක්කෙනා නෙවේය|şōṭā dahaya vasara hō ekoḷaha vasara sāhityaya samitiyaka gæyuvē şægīgē skubī ekē ekkenā nevēya
SPEAKER_8-275|සාහිත්‍ය ඉතිහාසය මුල්‌ කර ගෙන එතුමා විසින්‌ රචිත ග්‍රන්ථ රාශියකි.|sāhitya itihāsaya mul‌ kara gena etumā visin‌ racita grantha rāśiyaki.
SPEAKER_8-276|ඒ කාලෙ හැදුවට පස්සෙම අඩුම තරමෙ පස් කූඩයක් වත් දාපු බවක් නම් පෙනෙන්නෙ නැහැ|ē kāle hæduvaṭa passema aḍuma tarame pas kūḍayak vat dāpu bavak nam penenne næhæ
SPEAKER_8-277|කොළඹ කටුනායක ප්‍රධාන මාර්ගය වසා උද්ඝෝෂණයක ඇය මරණය සමග සටන්කොට මිය ගියාය.|koḷamba kaṭunāyaka pradhāna mārgaya vasā udghōşaṇayaka æya maraṇaya samaga saṭankoṭa miya giyāya.
SPEAKER_8-278|ඒක නිසයි මේ ගීතය ඇහෙන හැම වාරයකම තමන්ගේ ලමාකාලයෙ මව හා සම්බන්ධ අත්දැකීමක් එක්ක ගිතය අපිට|ēka nisayi mē gītaya æhena hæma vārayakama tamangē lamākālaye mava hā sambandha atdækīmak ekka gitaya apiṭa
SPEAKER_8-279|සන්ඩේ ඔබ්සර්ව මොබිටෙල් වසරේ පාසල් ක්‍රිකට් සම්මාන උළෙල ශ්‍රී ලංකාවේ.|sanḍē obsarva mobiṭel vasarē pāsal krikaṭ sammāna uḷela śrī laṁkāvē.
SPEAKER_8-280|අනෙක් අතට ලෝක ආහාර හා කෘෂිකාර්මික සංවිධානය පෙන්වා දෙන ආකාරයට අනුව ලෝකයේ මන්දපෝෂණයෙන් පෙළෙන|anek ataṭa lōka āhāra hā kṛşikārmika saṁvidhānaya penvā dena ākārayaṭa anuva lōkayē mandapōşaṇayen peḷena
SPEAKER_8-281|ඇය සහ ඇගේ සොයුරිය පාවිච්චි කලේ එකම සෙරෙප්පු යුවලකි.|æya saha ægē soyuriya pāvicci kalē ekama sereppu yuvalaki.
SPEAKER_8-282|ඉතින් මේ ඔක්කොම ටික එකට එකතු වෙලා වැඩ කරන කොට අපිට පැහැපත් සමක් හා නිරෝගී කෙස්|itin mē okkoma ṭika ekaṭa ekatu velā væḍa karana koṭa apiṭa pæhæpat samak hā nirōgī kes
SPEAKER_8-283|රණ්බණ්ඩා මහතාගේ බිරිඳගේ හැර යාමට අදාළ කාරණා කිහිපයක් මා අසා තිබීම හා දැන සිටීම|raṇbaṇḍā mahatāgē biriṉdagē hæra yāmaṭa adāḷa kāraṇā kihipayak mā asā tibīma hā dæna siṭīma
SPEAKER_8-284|ඒ සෙනග අතර හිටපු වයස අවුරුදු හැත්තෑවක විතර මනුස්සයෙක් ජවනිකාව අවසන් වූ පසු එතැනට ඇවිත්|ē senaga atara hiṭapu vayasa avurudu hættǣvaka vitara manussayek javanikāva avasan vū pasu etænaṭa ævit
SPEAKER_8-285|මේ විශ්වාසය බිඳවැටීමට ප්‍රධානම හේතුව වූයේ නොච්ඡියේ සෝමානන්ද හිමියන් අතින් සම්පාදනය වූ හත්ථිකුච්ඡි විහාර වංසය නමැති|mē viśvāsaya biṉdavæṭīmaṭa pradhānama hētuva vūyē nocchiyē sōmānanda himiyan atin sampādanaya vū hatthikucchi vihāra vaṁsaya namæti
SPEAKER_8-286|හරියට හිරුත් එක්ක අපේ හෙවනැල්ලේ දිග පළල වෙනස් වෙනව වගේ.|hariyaṭa hirut ekka apē hevanællē diga paḷala venas venava vagē.
SPEAKER_8-287|මේවා එක්තරා ආකාරයක සිරස් චලනය වීමක් ලෙස ඇතැමුන් විග්‍රහ කරන්නෙ එබැවිනි.|mēvā ektarā ākārayaka siras calanaya vīmak lesa ætæmun vigraha karanne ebævini.
SPEAKER_8-288|"මම එන්නංකො"" අපෙ අප්පච්චිලාටත් වලව්වක් කිව්වොත් ඉතිං වෙන මොකවත් ඕන නැහැ."|mama ennaṁko  ape appaccilāṭat valavvak kivvot itiṁ vena mokavat ōna næhæ.
SPEAKER_8-289|ඉතින් ආගිය කතා කොරලා කාල බීල එහෙම එතනින් චුත වුනා.|itin āgiya katā koralā kāla bīla ehema etanin cuta vunā.
SPEAKER_8-290|හිත් පාට කරන පාට පාට මල් කැකුළු බ්ලොග් පොස්ට්, කමෙන්ට්ස් සහ නිදහස් බ්ලොග් අවකාශය.|hit pāṭa karana pāṭa pāṭa mal kækuḷu blog posṭ, kamenṭs saha nidahas blog avakāśaya.
SPEAKER_8-291|නොදකින බලවේගයක් පස්සෙන් ගිහින් හරි ඒක නොවෙයි කියලා සතයකට විස්වාස නැතත් අපි අපි ආදරය කරන මිනිස්සු|nodakina balavēgayak passen gihin hari ēka noveyi kiyalā satayakaṭa visvāsa nætat api api ādaraya karana minissu
SPEAKER_8-292|ඉක්මනින් යා යුතු නිසාත්, ගමන පහසු නිසාත් කිටී නැග ඇත්තේ එකසිය හැත්තෑ හතේ.|ikmanin yā yutu nisāt, gamana pahasu nisāt kiṭī næga ættē ekasiya hættǣ hatē.
SPEAKER_8-293|මිදුලෙ අරලිය ගහ යට බංකුවට අපි දෙන්නා ඔන්න ගියා.|midule araliya gaha yaṭa baṁkuvaṭa api dennā onna giyā.
SPEAKER_8-294|දැනට සිංහල භාෂාව සදහා හොදම සහයක් දක්වන එකම මෘදුකාංගය මෙය වන අතර මෙයට වඩා හොද මෘදුකාංග තිබිය හැකිය.|dænaṭa siṁhala bhāşāva sadahā hodama sahayak dakvana ekama mṛdukāṁgaya meya vana atara meyaṭa vaḍā hoda mṛdukāṁga tibiya hækiya.
SPEAKER_8-295|ජල වාෂ්ප ලෙස සහ වළාකුළු ලෙස අහසේ දී , කලාතුරකින් හිම කුට්ටි හෝ මුහුදු ජලය ලෙස|jala vāşpa lesa saha vaḷākuḷu lesa ahasē dī , kalāturakin hima kuṭṭi hō muhudu jalaya lesa
SPEAKER_8-296|අපි එනකං මග බලාගෙන හිටිය ඒ බලල් ඇස් දෙක තවමත් ජීවමානයි වගේ දැනුනා.|api enakaṁ maga balāgena hiṭiya ē balal æs deka tavamat jīvamānayi vagē dænunā.
SPEAKER_8-297|එහෙනම් ඉතින් ඉස්සරහට මම ගුවන්ගත වෙලා තව තව දැකපු දේවල් ඔයාල එක්ක බෙදා ගන්න එන්නම්.|ehenam itin issarahaṭa mama guvangata velā tava tava dækapu dēval oyāla ekka bedā ganna ennam.
SPEAKER_8-298|පානීය ජල නිෂ්පාදනයට අවශ්‍ය ජල මූලාශ්‍රයන් තෝරා ගැනීම මෙන්ම ජල සම්පත් කළමනාකරණයේ දී මතුවන ගැටලු නිරාකරණය|pānīya jala nişpādanayaṭa avaśya jala mūlāśrayan tōrā gænīma menma jala sampat kaḷamanākaraṇayē dī matuvana gæṭalu nirākaraṇaya
SPEAKER_8-299|අනුකම්පාව, සතුට, ආශාව, උපහාසය වැනි හැඟීම්‌ දැනෙන|anukampāva, satuṭa, āśāva, upahāsaya væni hæṉgīm‌ dænena
SPEAKER_8-300|ඌ රෙදි වියන්න නූල්‌ හදා ගත්තෙ තමන්ගෙ කටින්‌|ū redi viyanna nūl‌ hadā gatte tamange kaṭin‌
SPEAKER_8-301|ඔහු හැමවෙලේම අපිට පුරුදු කලා අවට පරිසරයේ සිදුවන සිදුවිම් වලින් අපේ මනසේ සාමයට හානි කර නොගෙන|ohu hæmavelēma apiṭa purudu kalā avaṭa parisarayē siduvana siduvim valin apē manasē sāmayaṭa hāni kara nogena
SPEAKER_8-302|දේව භාෂිතය කුමක් ද යන කරුණෙහි කිතුනු ලොව දැඩි අර්බුදයකට මුහුණදී තිබීම ඊට හේතුවයි.|dēva bhāşitaya kumak da yana karuṇehi kitunu lova dæḍi arbudayakaṭa muhuṇadī tibīma īṭa hētuvayi.
SPEAKER_8-303|ශීලාචාර, ප්‍රජාතන්ත්‍රීය රටක් පිළිබඳව අහිංසක වූ බලාපොරොත්තු ද ඒ සමඟ විය.|śīlācāra, prajātantrīya raṭak piḷibaṉdava ahiṁsaka vū balāporottu da ē samaṉga viya.
SPEAKER_8-304|*මෙම ජායාරූපය ඉබ්බාගමුව මධ්‍ය මහා විදුහල් වෙබ් අඩවියේ තිබී උපුටා ගත් ජායාරුපයකි.| mema jāyārūpaya ibbāgamuva madhya mahā viduhal veb aḍaviyē tibī upuṭā gat jāyārupayaki.
SPEAKER_8-305|එයින් යැපෙමින් අම්මාගේ බෙහෙත් වලටද මුදලක් යවන්නට තමාට හැකිවූයේ තමා සතු පිරිමසා ගැනීමට ශක්තිය නිසා බව|eyin yæpemin ammāgē behet valaṭada mudalak yavannaṭa tamāṭa hækivūyē tamā satu pirimasā gænīmaṭa śaktiya nisā bava
SPEAKER_8-306|අසුන්‌ නොලද්දෝ සිට ගෙන උන්හ.|asun‌ noladdō siṭa gena unha.
SPEAKER_8-307|අපේ රටේ ඉන්න සතාත් වඳවී යාමේ තර්ජනයට ලක් වෙලා.|apē raṭē inna satāt vaṉdavī yāmē tarjanayaṭa lak velā.
SPEAKER_8-308|එහෙත් එරට දල දේශීය නිෂ්පාදිතයෙන් කෘෂිකර්මාන්තයේ දායකත්වය සියයට පහළොවක් පමණයි.|ehet eraṭa dala dēśīya nişpāditayen kṛşikarmāntayē dāyakatvaya siyayaṭa pahaḷovak pamaṇayi.
SPEAKER_8-309|වර්තමානයේ උත්තරාරාම විහාරස්ථානය පිහිටි භූමියේ ප්රතමාණය අක්කර දෙකක් දක්වා අඩුවී ඇත.|vartamānayē uttarārāma vihārasthānaya pihiṭi bhūmiyē pratamāṇaya akkara dekak dakvā aḍuvī æta.
SPEAKER_8-310|සිසු සිසුවියන් පන්සීයකට ආසන්න පිරිසක් ඉගනුම ලැබුව ද බීමට මතු නොව ශරිරකෘත්‍යයක් කරගත් පසු භාවිතයට වත්|sisu sisuviyan pansīyakaṭa āsanna pirisak iganuma læbuva da bīmaṭa matu nova śarirakṛtyayak karagat pasu bhāvitayaṭa vat
SPEAKER_8-311|සත්‍ය කතාව නම් එය සිදු කල හැකි වුවත් කළ යුත්තේ මෘදුකාංගයක් ආධාරයෙන් වීම.|satya katāva nam eya sidu kala hæki vuvat kaḷa yuttē mṛdukāṁgayak ādhārayen vīma.
SPEAKER_8-312|හෙතෙම මෙම අදහස් පළ ක‍ළේ මීතොටමුල්ල කසල කන්ද හේතුවෙන් සිදුවූ එක් ජීවිතහානියක් සදහා රුපියල් ලක්ෂ දහය|hetema mema adahas paḷa kaḷē mītoṭamulla kasala kanda hētuven siduvū ek jīvitahāniyak sadahā rupiyal lakşa dahaya
SPEAKER_8-313|බෝලේ අතට අහු වෙච්ච එකා ළඟ ඉන්න එකෙකුට කෙළින එක තමා සෙල්ලම.|bōlē ataṭa ahu vecca ekā ḷaṉga inna ekekuṭa keḷina eka tamā sellama.
SPEAKER_8-314|මෙම අවස්ථාවට ඇන්ටෝනියෝ ගෝටෙර්රෙස් සහභාගී වන අතර ඔහු ප්‍රථම එක්සත් ජාතීන්ගේ ප්‍රධානියා බවට පත්වනු ඇත.|mema avasthāvaṭa ænṭōniyō gōṭerres sahabhāgī vana atara ohu prathama eksat jātīngē pradhāniyā bavaṭa patvanu æta.
SPEAKER_8-315|උඹ ක්‍රිකට් ගැහුවා නම් ප්ලේන්වල රවුම් යන්නට ඉඩ තිබුණේය.|umba krikaṭ gæhuvā nam plēnvala ravum yannaṭa iḍa tibuṇēya.
SPEAKER_8-316|ඇය පින්තූර සහිත රසවත්‌ යැයි පෙනී ගිය පොතක්‌ ගත්තා|æya pintūra sahita rasavat‌ yæyi penī giya potak‌ gattā
SPEAKER_8-317|අපට දැන් පැහැදිලියි අසාමානත්වයේ බීජ වපුරන්නට පටන් ගත්තේ නව පාෂාණ යුගයේ පටන් බව.|apaṭa dæn pæhædiliyi asāmānatvayē bīja vapurannaṭa paṭan gattē nava pāşāṇa yugayē paṭan bava.
SPEAKER_8-318|පසුගිය රජය පැවති සමයේදී මධ්‍යම සංස්කෘතික අරමුදලේ වාහනයක් නීති විරෝධී ලෙස භාවිත කලේ යයි එල්ල වී|pasugiya rajaya pævati samayēdī madhyama saṁskṛtika aramudalē vāhanayak nīti virōdhī lesa bhāvita kalē yayi ella vī
SPEAKER_8-319|අප මේ ආර්ථික ක්‍රමය දශක ගණනාවක් පුරා අත්හදා බලා ඇත්තෙමු.|apa mē ārthika kramaya daśaka gaṇanāvak purā athadā balā ættemu.
SPEAKER_8-320|අවතාරයක් ලෙස නොව, පියා ප්‍රාදූර්භූත වන්නේ නිස්සංක සෑම විටම පිය පෞරුෂය ඉදිරියේ දෙවැනියා කරමිනි.|avatārayak lesa nova, piyā prādūrbhūta vannē nissaṁka sǣma viṭama piya pauruşaya idiriyē devæniyā karamini.
SPEAKER_8-321|ඒ තරමට පෙරදිග ලෝකයේ මිනිසුන් අප කුළු බඩු පිළිබදව අවධානය යොමු කර ඇත.|ē taramaṭa peradiga lōkayē minisun apa kuḷu baḍu piḷibadava avadhānaya yomu kara æta.
SPEAKER_8-322|ඉතින් ඊට පස්සේ අපි ඔක්කොමලා ක්ලාස් එක තියන තැනට ගියා.|itin īṭa passē api okkomalā klās eka tiyana tænaṭa giyā.
SPEAKER_8-323|ඉතිං ඒ හින්දා මෙහේ සිද්දි ඇතුළුව මගේ බ්ලොග යාවත්කාලීන කරන්ඩ හරියට වැඩ අල්ලන්ඩ තව ටික දවසක්|itiṁ ē hindā mehē siddi ætuḷuva magē bloga yāvatkālīna karanḍa hariyaṭa væḍa allanḍa tava ṭika davasak
SPEAKER_8-324|අක්කා සුසිරි අයියා සමඟ තිබුන සම්බන්ධය කාමරේ සිටියදීම අහුවුනේ එදා තමාය.|akkā susiri ayiyā samaṉga tibuna sambandhaya kāmarē siṭiyadīma ahuvunē edā tamāya.
SPEAKER_8-325|දේශවල සියලූ රාජ්‍යවලටත් සිදු වූ කාරණා ද යන සියල්ල දිවැසිවර සාමුවෙල්ගේ ද දිවැසිවර නාතාන්ගේ ද දිවැසිවර|dēśavala siyalū rājyavalaṭat sidu vū kāraṇā da yana siyalla divæsivara sāmuvelgē da divæsivara nātāngē da divæsivara
SPEAKER_8-326|ඊට පස්සේ බත් එක ඉදෙනකන් වෙන වැඩ මුකුත් කරන්න ගියේ නැහැ.|īṭa passē bat eka idenakan vena væḍa mukut karanna giyē næhæ.
SPEAKER_8-327|ඉතින් ඔන්න අද ෆොටෝෂොප් ගැන ටෝක් එක මෙතනින් නවත්තන්න හදන්නේ.|itin onna ada foṭōşop gæna ṭōk eka metanin navattanna hadannē.
SPEAKER_8-328|නමුත් ළඟදී චන්ද්‍රිකා මහත්මියට පාසල් පෙළ පොත් මතක් විය.|namut ḷaṉgadī candrikā mahatmiyaṭa pāsal peḷa pot matak viya.
SPEAKER_8-329|මගේ පළමු ආදරයේ මතකයන්… , ජීවිතයෙන් බිඳක් , කවිකාරියකගේ ප්‍රේමය|magē paḷamu ādarayē matakayan… , jīvitayen biṉdak , kavikāriyakagē prēmaya
SPEAKER_8-330|රටක සාමාන්‍ය ජනතාව තමන්ගේ පාලනය සඳහා පොදු ජන නියෝජිතයන් පත් කර ගනුයේ බහුතර ඡන්දයෙනි.|raṭaka sāmānya janatāva tamangē pālanaya saṉdahā podu jana niyōjitayan pat kara ganuyē bahutara chandayeni.
SPEAKER_8-331|අප උපසිරැසි යොදන්නෙ වෘත්තීමය වශයෙන් නොවන නිසා ඒ ගැන පවසා ඔබව වෙහෙසන්න කැමති නෑ.|apa upasiræsi yodanne vṛttīmaya vaśayen novana nisā ē gæna pavasā obava vehesanna kæmati nǣ.
SPEAKER_8-332|බහින්න ඕනි හෝල්ට් එක එහෙම? ඩයින් මෝ සබ්මැරීන් නම් මරුම, මම අන්තිමට කන කාලෙ|bahinna ōni hōlṭ eka ehema? ḍayin mō sabmærīn nam maruma, mama antimaṭa kana kāle
SPEAKER_8-333|නූගත්කම හා සමාජ විෂමාචාර හේතුවෙන්‌ අසරණ වූවන්ට පිහිට වේ.|nūgatkama hā samāja vişamācāra hētuven‌ asaraṇa vūvanṭa pihiṭa vē.
SPEAKER_8-334|උන් අපි ගැනත්, අපි උන් ගැනත් හිතන හැටි වෙනස් කරන්නෙ නැතුව කවදාවත් මේ රටේ ජාතික ලෙඩේ|un api gænat, api un gænat hitana hæṭi venas karanne nætuva kavadāvat mē raṭē jātika leḍē
SPEAKER_8-335|කවදාවත් නැතිව විනාඩි පහක් පමන චූ කරන සෙයියාවෙන් සිටි අපටම චූ එපා වීය.|kavadāvat nætiva vināḍi pahak pamana cū karana seyiyāven siṭi apaṭama cū epā vīya.
SPEAKER_8-336|ඉතින් දුරක යන්නත් බැරි එකේ මේ ළඟ පාතකම කොහාට හරි ගිහින් සෙට් වෙන කට්ටිය|itin duraka yannat bæri ekē mē ḷaṉga pātakama kohāṭa hari gihin seṭ vena kaṭṭiya
SPEAKER_8-337|විජේවීර සමහර වෙලාවට ලෝක දේශපාලනය තමන්ගේ වුවමනාවට අනුව කියෙව්වද කියල හිතෙන අවස්ථා ගොඩක් තියෙනවා.|vijēvīra samahara velāvaṭa lōka dēśapālanaya tamangē vuvamanāvaṭa anuva kiyevvada kiyala hitena avasthā goḍak tiyenavā.
SPEAKER_8-338|අනේ මන්දා මමනං ඔය සිංහල වැඩිය දන්නේ නෑ! මං දන්නෙත් නෑ නාඩියො.|anē mandā mamanaṁ oya siṁhala væḍiya dannē nǣ  maṁ dannet nǣ nāḍiyo.
SPEAKER_8-339|උදාහරණයක් විදියට ගත්තොත් අපි මේක චිත්‍රපටි සමග සමගාමීව බලනවා නම්|udāharaṇayak vidiyaṭa gattot api mēka citrapaṭi samaga samagāmīva balanavā nam
SPEAKER_8-340|සයිටම් ආයතනයේ වෛද්‍ය උපාධිය සම්පූර්ණ කරන සිසුන්ට ශ්‍රී ලංකා වෛද්‍ය සභාවේ ලියාපදිංචි වීමට කිසිදු බාධාවක් නොමැත.|sayiṭam āyatanayē vaidya upādhiya sampūrṇa karana sisunṭa śrī laṁkā vaidya sabhāvē liyāpadiṁci vīmaṭa kisidu bādhāvak nomæta.
SPEAKER_8-341|අපේ පේජ් එකට ලයික් එකක් දාන්න අමතක කරන්න එපා.|apē pēj ekaṭa layik ekak dānna amataka karanna epā.
SPEAKER_8-342|දෙදහස් දහසයේ ජුනි දාහත, පස්වරු එකොලහයි හතලිස් පහ උදව්වක් උනා නම් හරිම සතුටුයි.|dedahas dahasayē juni dāhata, pasvaru ekolahayi hatalis paha udavvak unā nam harima satuṭuyi.
SPEAKER_8-343|යාන්තම් සුව අතට හැරුණු පසු ඇය අද සවස මේ සූදානම් වූයේ අසල වසනා මිතුරියක හමුවීමටයි.|yāntam suva ataṭa hæruṇu pasu æya ada savasa mē sūdānam vūyē asala vasanā mituriyaka hamuvīmaṭayi.
SPEAKER_8-344|භූ රූප පිළිබඳ අධ්‍යයනය කරන්නා නිරන්තරයෙන් ම ඇවිද යන්නට සංචාරය කරන්නට සුදානම් වී සිටින්නෙකු විය යුතුයි.|bhū rūpa piḷibaṉda adhyayanaya karannā nirantarayen ma ævida yannaṭa saṁcāraya karannaṭa sudānam vī siṭinneku viya yutuyi.
SPEAKER_8-345|හරියටම අගෝස්තු එක දක්වාම බැසිල් රාජපක්ෂ මහතාව සැක පිට සිර ගත කර තිබීම විශේෂත්වයකි.|hariyaṭama agōstu eka dakvāma bæsil rājapakşa mahatāva sæka piṭa sira gata kara tibīma viśēşatvayaki.
SPEAKER_8-346|අපිට හොඳටම ෂුවර් මු බොන එක දැකල තමයි සර් මේක ඇහුවේ කියලා.|apiṭa hoṉdaṭama şuvar mu bona eka dækala tamayi sar mēka æhuvē kiyalā.
SPEAKER_8-347|ඒ විඩේ කියැව්වා උඹ බය වෙන්න එපා, මම උඹට පුරස්නයක් නොවෙන්න කතාවෙ මුලිම්ම දාන්න ඉන්ගිරිසි වාක්කියකුත් කියන්නම්.|ē viḍē kiyævvā umba baya venna epā, mama umbaṭa purasnayak novenna katāve mulimma dānna ingirisi vākkiyakut kiyannam.
SPEAKER_8-348|ලඟින් හිටපු එවුන් එකතු වෙලා හිත බින්දට පස්සේ ඒකෙ තියෙන වේදනාව ඔය හැමෝම වගේ දන්නවා ඇතිනේ.|laṉgin hiṭapu evun ekatu velā hita bindaṭa passē ēke tiyena vēdanāva oya hæmōma vagē dannavā ætinē.
SPEAKER_8-349|එක නිධන් හොරු දෙක පන්තිකවය අතීත මතක හය පොඩි සෑමාගේ ලියුම් දහනවය පෝයට එකක්|eka nidhan horu deka pantikavaya atīta mataka haya poḍi sǣmāgē liyum dahanavaya pōyaṭa ekak
SPEAKER_8-350|නමුත් මා පළමු අවුරුද්දේ දී හිටපු නේවාසිකාගාරයේ සිට, එයිට කිලෝමීටර ගණනක් එහා තිබුණ ඉංජිනේරු නේවාසිකාගාරයට ගිහිං,|namut mā paḷamu avuruddē dī hiṭapu nēvāsikāgārayē siṭa, eyiṭa kilōmīṭara gaṇanak ehā tibuṇa iṁjinēru nēvāsikāgārayaṭa gihiṁ,
SPEAKER_8-351|ආහාර ගැනීමේ දී අමාශයේ එක් කොටසක් ජලය සඳහා ඉඩ තැබිය යුතු බව සඳහන් වේ.|āhāra gænīmē dī amāśayē ek koṭasak jalaya saṉdahā iḍa tæbiya yutu bava saṉdahan vē.
SPEAKER_8-352|මම එක පාරක් ටියුන් කළා කොළඹ ට්‍රැෆික් එකේ ගිහිල්ලත් කළා බන්.|mama eka pārak ṭiyun kaḷā koḷamba ṭræfik ekē gihillat kaḷā ban.
SPEAKER_8-353|කට්ටකාඩුවේ ලොකු මල්ලි, අර අන්තිම ප්‍රශ්ණය තමයි මටත් අහන්න තියෙන්නේ|kaṭṭakāḍuvē loku malli, ara antima praśṇaya tamayi maṭat ahanna tiyennē
SPEAKER_8-354|අනෙක් අතට නැමි වර්ග ගවේෂණය කිරීමට මැටි වර්ණ කර තට්ටු වශයෙන් තබා දෙපසින් විවිධ ආකාරයට|anek ataṭa næmi varga gavēşaṇaya kirīmaṭa mæṭi varṇa kara taṭṭu vaśayen tabā depasin vividha ākārayaṭa
SPEAKER_8-355|මේ බව පැහැදිලි කරන රූපසටහනක් භෞතික භූගෝල විද්‍යාව|mē bava pæhædili karana rūpasaṭahanak bhautika bhūgōla vidyāva
SPEAKER_8-356|ඔහු හිතන්නේ ඔබ ඔහුව දකින්නේ කිසිම වැඩකට නැති කෙනෙක් විදිහට කියලා.|ohu hitannē oba ohuva dakinnē kisima væḍakaṭa næti kenek vidihaṭa kiyalā.
SPEAKER_8-357|ඊයේ ඔයාගේ නම දාල කවියක් ලිව්වා.|īyē oyāgē nama dāla kaviyak livvā.
SPEAKER_8-358|අද මට හවස යද්දි මොබයිල් එක ගෙනියන්ඩත් අමතක උනානෙ.|ada maṭa havasa yaddi mobayil eka geniyanḍat amataka unāne.
SPEAKER_8-359|අපට පාෂාණ ස්ථරවල නැමි නිරික්ෂණය කරන්නට අවශ්‍ය නම් මහා කඳු සොයමින් යා යුතු නැහැ.|apaṭa pāşāṇa stharavala næmi nirikşaṇaya karannaṭa avaśya nam mahā kaṉdu soyamin yā yutu næhæ.
SPEAKER_8-360|සහවේදනීය පරිකල්පනය ගැන සාහිත්‍ය කලා ක්ෂේත්‍රයේ නොයෙක් දේ කතා වේ.|sahavēdanīya parikalpanaya gæna sāhitya kalā kşētrayē noyek dē katā vē.
SPEAKER_8-361|මිස්ට ශ්‍රී ලංකා තරගයට එක්වූවන්ගෙන් සභාපතිවරයා මුදල් ලබාගෙන ඇතත් බිල් ලබාදී නැහැ.|misṭa śrī laṁkā taragayaṭa ekvūvangen sabhāpativarayā mudal labāgena ætat bil labādī næhæ.
SPEAKER_8-362|අපිව කැම්පස් එකට දාල අපේ ගෙවල් වල අය අයෙමත් බෝඩින් සෙවීමේ මෙහෙයුම ඇරඹුවා.|apiva kæmpas ekaṭa dāla apē geval vala aya ayemat bōḍin sevīmē meheyuma ærambuvā.
SPEAKER_8-363|සිදුවීමට නියමිත වූ ග්‍රහ අපචාර සිදු නොවීම නිසා ලෑලි ටික අපතේ ගියා.|siduvīmaṭa niyamita vū graha apacāra sidu novīma nisā lǣli ṭika apatē giyā.
SPEAKER_8-364|මේ අතින් මහින්ද​ රාජපක්ෂ මහතා යුද්ධය නිමාවුවද, මෙය මග හැරීමෙන් ඉතාම පහලම අගැයීමකට වැටේ.|mē atin mahinda​ rājapakşa mahatā yuddhaya nimāvuvada, meya maga hærīmen itāma pahalama agæyīmakaṭa væṭē.
SPEAKER_8-365|අනාගත පරම්පරාවන් යුද්ධයේ ශාපයෙන් මුදවා ගැනීම සඳහා එක්සත් ජාතීන් නමින් හැඳින්වෙන අන්තර්ජාතික සංවිධානය මෙසේ පිහිටුවා ගතිමු.|anāgata paramparāvan yuddhayē śāpayen mudavā gænīma saṉdahā eksat jātīn namin hæṉdinvena antarjātika saṁvidhānaya mesē pihiṭuvā gatimu.
SPEAKER_8-366|අනෙක් කොටස් දෙක ජලය නිකුත් කරන පොම්පය,ජලය සිසිල් කරන රේඩියේටරය හා|anek koṭas deka jalaya nikut karana pompaya,jalaya sisil karana rēḍiyēṭaraya hā
SPEAKER_8-367|යහපාලන ආණ්ඩුවේ නියෝජ්‍ය විදේශ ඇමති ආචාර්ය හර්ෂ ද සිල්වා මහතා විපක්ෂයේ සිටියදී වැඩිපුරම කතා කළේ මහින්ද|yahapālana āṇḍuvē niyōjya vidēśa æmati ācārya harşa da silvā mahatā vipakşayē siṭiyadī væḍipurama katā kaḷe් mahinda
SPEAKER_8-368|මෙම ආකාරයේ වූ නිදහස් වෙළඳ ක‍්‍රමයක් සඳහා බාධක ඉවත් කිරීම තුළ පහසුකම් හා විදෙස් ආයෝජකයන් මෙන්ම|mema ākārayē vū nidahas veḷaṉda kramayak saṉdahā bādhaka ivat kirīma tuḷa pahasukam hā vides āyōjakayan menma
SPEAKER_8-369|අන්න එහි සදහන් වෙලා තියෙනවා ඔයාගේ පරිගණකයේ ස්ටාට් අප් වැඩසටහන් මොනවද කියලා.|anna ehi sadahan velā tiyenavā oyāgē parigaṇakayē sṭāṭ ap væḍasaṭahan monavada kiyalā.
SPEAKER_8-370|ගමේ කර්මාන්තවලට, ජන සංගීතයට, ජන කලාවට එතුමා ප්‍රිය කළා.|gamē karmāntavalaṭa, jana saṁgītayaṭa, jana kalāvaṭa etumā priya kaḷā.
SPEAKER_8-371|ඉන්දියානු සිනමා ශාලාවලත් මේ වනවිට තිරගත වන මෙම චිත්‍රපටය ලොව පුරා තිරගත වෙමින් ඇත.|indiyānu sinamā śālāvalat mē vanaviṭa tiragata vana mema citrapaṭaya lova purā tiragata vemin æta.
SPEAKER_8-372|අපේ ඉතිහාසය පිළිබඳ උනන්දුවක් දක්වන විද්වතුන්ගේ අවධානය මේ පිළිබඳ යොමුවිය යුතුව තිබේ.|apē itihāsaya piḷibaṉda unanduvak dakvana vidvatungē avadhānaya mē piḷibaṉda yomuviya yutuva tibē.
SPEAKER_8-373|"අයියෝ ඔයා මැජික් එකක් කියලා ඒක කටේ දා ගත්තනේ"" ඇයි සර් නේ කීවේ මැජික් එකක් කරලා"|ayiyō oyā mæjik ekak kiyalā ēka kaṭē dā gattanē  æyi sar nē kīvē mæjik ekak karalā
SPEAKER_8-374|රේඩියෝ කාබන් දින නිර්ණයේ දී කාබන් ක්ෂයවීම් තමයි යොදා ගන්නේ කාල නිර්ණයට.|rēḍiyō kāban dina nirṇayē dī kāban kşayavīm tamayi yodā gannē kāla nirṇayaṭa.
SPEAKER_8-375|ඇන්ග්‍රි බර්ඩ් ප්ලේ කිරීම සඳහා මුලින්ම ඇප්ලිකේෂන් එකට අවසර දිය යුතු වෙනවා.|ængri barḍ plē kirīma saṉdahā mulinma æplikēşan ekaṭa avasara diya yutu venavā.
SPEAKER_8-376|පුදුමය කියන්නෙ මහාචාර්යවරු මාස ගණන් කියලත් තේරෙන්නෙ නැති ඒව කුප්පියෙදි විනාඩි ගණනෙන් තේරෙන එක.|pudumaya kiyanne mahācāryavaru māsa gaṇan kiyalat tērenne næti ēva kuppiyedi vināḍi gaṇanen tērena eka.
SPEAKER_8-377|ජෝතිපාලයන්ගේ තිස් එක් වන ගුණානුස්මරණය අදයි, අගමැති සිංගප්පූරුවට|jōtipālayangē tis ek vana guṇānusmaraṇaya adayi, agamæti siṁgappūruvaṭa
SPEAKER_8-378|විවිධ අසනීප වල දී පිරිත් ගාථා වලින් පැන් මතුරා දීමෙන් සුවය ලබා ගත්හ.|vividha asanīpa vala dī pirit gāthā valin pæn maturā dīmen suvaya labā gatha.
SPEAKER_8-379|සුනු විසුණු කරවයිද ?|sunu visuṇu karavayida ?
SPEAKER_8-380|අනික මම ඔයා වගේ කමෙන්ට් වලින් ගර්භානිබාවයට පත්වෙන්නෙත් නැහැ.|anika mama oyā vagē kamenṭ valin garbhānibāvayaṭa patvennet næhæ.
SPEAKER_8-381|ඉතින් මේ කතාවට කේන්ති ගිහින් තමයි මහේෂි බැනලා සටහනක් දාලා තිබුණේ.|itin mē katāvaṭa kēnti gihin tamayi mahēşi bænalā saṭahanak dālā tibuṇē.
SPEAKER_8-382|ජනපති සහ ෆොන්සේකා අතර සාකච්ඡාවේදී යහපත් ප්‍රතිචාරයක්, යළිත් හමුවක් හෙට දැන්.|janapati saha fonsēkā atara sākacchāvēdī yahapat praticārayak, yaḷit hamuvak heṭa dæn.
SPEAKER_8-383|බස් ඩිපෝවල යටිතල පහසුකම් නැංවීම සඳහා දෙදහස් දහඅට වසරේ මිලියන දෙසීය ක මුදලක් ශ්‍රී ලංගමයට ලැබුණි.|bas ḍipōvala yaṭitala pahasukam næṁvīma saṉdahā dedahas dahaaṭa vasarē miliyana desīya ka mudalak śrī laṁgamayaṭa læbuṇi.
SPEAKER_8-384|යුව රජතුමා ඒ වීඩියෝ එක දාන්න පර්මිෂණ් දුන්නෙ නෑ නොවැ!|yuva rajatumā ē vīḍiyō eka dānna parmişaṇ dunne nǣ novæ 
SPEAKER_8-385|ඒත් මටනම් තේරෙන්නෙම නැත්තෙ නීති වැඩ ගැන උපදෙස් ගන්න වෙනම කෙනෙක් මොහොකටද කියලා.|ēt maṭanam tērennema nætte nīti væḍa gæna upades ganna venama kenek mohokaṭada kiyalā.
SPEAKER_8-386|අපි මෙතෙක් සිතා සිටියාට වඩා බොහෝ කලකට පෙර දුප්පත් පොහොසත් භේදය අප සමාජයේ තිබුණු බව හෙළි|api metek sitā siṭiyāṭa vaḍā bohō kalakaṭa pera duppat pohosat bhēdaya apa samājayē tibuṇu bava heḷi
SPEAKER_8-387|අන්තිමට මම මට මතක විදිහට හරියි කියල හිතුන බොහොම වල් වැදිච්ච පාරකින් පහළට බැස්සා.|antimaṭa mama maṭa mataka vidihaṭa hariyi kiyala hituna bohoma val vædicca pārakin pahaḷaṭa bæssā.
SPEAKER_8-388|ඇයි ඔබ අසමත් වන්නේ ජීවිතය සොය සොයා යනවිට ඇයි මට නොලැබෙන්නේ යැයි කියමින් ඔබ දුකට පත්වනවා|æyi oba asamat vannē jīvitaya soya soyā yanaviṭa æyi maṭa nolæbennē yæyi kiyamin oba dukaṭa patvanavā
SPEAKER_8-389|අඩු වියදම් සෝලා ප්‍රොජෙක්ට් එකක්, තුනක් ගිය පෝස්ට් එකේ කිව්ව විදිහට මේ සැරේ කියන්න හදන්නෙ|aḍu viyadam sōlā projekṭ ekak, tunak giya pōsṭ ekē kivva vidihaṭa mē særē kiyanna hadanne
SPEAKER_8-390|අවි අමෝරා ගත් දෙපිරිස අතරට වැඩම කළ බුදු හිමියෝ, ජල අවශ්‍යතාව සෑම දෙනාටම පොදු දෙයක්|avi amōrā gat depirisa ataraṭa væḍama kaḷa budu himiyō, jala avaśyatāva sǣma denāṭama podu deyak
SPEAKER_8-391|පිරිසුදු මෙය ගෙන පිරිමදිමින් එක්ත්පසෙක හිඳ මනාකොට ඉටුවවයි කියා මට අනුකම්පාවෙන් ශාස්තෘන් වහන්සේ|pirisudu meya gena pirimadimin ektpaseka hiṉda manākoṭa iṭuvavayi kiyā maṭa anukampāven śāstṛn vahansē
SPEAKER_8-392|නැගෙනහිර පළාතේ පරිපාලන දිස්ත්‍රික්ක තුන තුළ සිය බලය තහවුරු කරගන්න පාලකයින් කටයුතු කරන්නේ එකිනෙකට වෙනස් ආකාරයකටයි.|nægenahira paḷātē paripālana distrikka tuna tuḷa siya balaya tahavuru karaganna pālakayin kaṭayutu karannē ekinekaṭa venas ākārayakaṭayi.
SPEAKER_8-393|ඉතින් මෙයා දුවලා ගිහින් එයාගේ බයිසිකලේ ගෙනල්ලා ගෑනු ළමයට පෙන්වලා කිව්වා මේවා නම් තියෙන්නේ කොල්ලන්ට විතරයි|itin meyā duvalā gihin eyāgē bayisikalē genallā gǣnu ḷamayaṭa penvalā kivvā mēvā nam tiyennē kollanṭa vitarayi
SPEAKER_8-394|මෙම වීසා ඛාණ්ඩ ද්විත්වය සඳහා ම අයදුම් කරන අයදුම්කරුවන් හට අදාළ ක්ෂේත්‍රයේ අවම වශයෙන් වසර තුන|mema vīsā khāṇḍa dvitvaya saṉdahā ma ayadum karana ayadumkaruvan haṭa adāḷa kşētrayē avama vaśayen vasara tuna
SPEAKER_8-395|අනේ මටත් දකින්න ලැබුණොත් ? මෙයා ගැන නම් ඇහුවමද කොහෙද? පේන්නේ සත්තු කීප දෙනෙක්ගේ ලක්ෂන එකට|anē maṭat dakinna læbuṇot ? meyā gæna nam æhuvamada koheda? pēnnē sattu kīpa denekgē lakşana ekaṭa
SPEAKER_8-396|මගේ ජීවිතයේ පළමු විශේෂ මෛත්‍රි භාවනාවත් සිදු වු අසාධාරනය නිසා හිතේ හට ගත් නොසන්සුන් හැඟිමුත් මෙවැනි|magē jīvitayē paḷamu viśēşa maitri bhāvanāvat sidu vu asādhāranaya nisā hitē haṭa gat nosansun hæṉgimut mevæni
SPEAKER_8-397|අගමැතිතුමා මහා භාණ්ඩාගාරයට උපදෙස් දුන්නා, ඒ අනුව ඉක්මනින් මුදල් ලබා ගන්න පුළුවන් වුනා.|agamætitumā mahā bhāṇḍāgārayaṭa upades dunnā, ē anuva ikmanin mudal labā ganna puḷuvan vunā.
SPEAKER_8-398|රාජ්‍ය සම්මාන මායාව සහ ග්‍රන්ථ ප්‍රකාශක මාෆියාව|rājya sammāna māyāva saha grantha prakāśaka māfiyāva
SPEAKER_8-399|ඒ මා රඟ දැක්වූ ධර්ම යුද්ධය චිත්‍රපටය තිරගත වන නිසයි.|ē mā raṉga dækvū dharma yuddhaya citrapaṭaya tiragata vana nisayi.
SPEAKER_8-400|"මේ, මම පොඩි ප්‍රශ්නයක් අහන්න,තරහ වෙන්නෙ නැහැ නේද?"".""තරහ වෙන්න අපි යාලු වෙලා හිටියෙ නැහැනෙ"|mē, mama poḍi praśnayak ahanna,taraha venne næhæ nēda? . taraha venna api yālu velā hiṭiye næhæne
SPEAKER_8-401|මේ සිරුර හමුවුණේ යකුටියාහි අබියිස්කි දිස්ත්‍රික්කයේ ටිරෙක්ටයික් ගං ඉවුරේ නිත්‍ය හිම සහිත ප‍්‍රදේශයක වැලලී තිබියදීයි.|mē sirura hamuvuṇē yakuṭiyāhi abiyiski distrikkayē ṭirekṭayik gaṁ ivurē nitya hima sahita pradēśayaka vælalī tibiyadīyi.
SPEAKER_8-402|ඊටත් වඩා ප්‍රශ්නය නම් එවැනි පොලිස් පරීක්ෂණයන්ට, නීතිපති දෙපාර්තමේන්තුවට සහ අධිකරණයට ඉහළින් එවැනි තීරණයක් ගැනීමට සිරිසේනට|īṭat vaḍā praśnaya nam evæni polis parīkşaṇayanṭa, nītipati depārtame්ntuvaṭa saha adhikaraṇayaṭa ihaḷin evæni tīraṇayak gænīmaṭa sirisēnaṭa
SPEAKER_8-403|බාහිර උපාධිධාරියෙක් සිය උපාධිය සම්පූර්ණ කරන්නේ දහසකුත් එකක් අභියෝග, දුක් කම්කටොළු මැද.|bāhira upādhidhāriyek siya upādhiya sampūrṇa karannē dahasakut ekak abhiyōga, duk kamkaṭoḷu mæda.
SPEAKER_8-404|සියලු දේශපාලන දර්ශනයන් හා පරමාදර්ශයන් නවතන බලය වූ ලිංගිකත්වය හා ලෝකය දැකීම යන කරුණු මත|siyalu dēśapālana darśanayan hā paramādarśayan navatana balaya vū liṁgikatvaya hā lōkaya dækīma yana karuṇu mata
SPEAKER_8-405|ඇත්තටම එහි සිටි තොරතුරු නිලධාරියා වන සුජීවා රොඩ්‍රිගෝ ඉතාම ප්‍රියමනාප හා දිරිගන්නාසුලු ආකාරයෙන් කටයුතු කළා.|ættaṭama ehi siṭi toraturu niladhāriyā vana sujīvā roḍrigō itāma priyamanāpa hā dirigannāsulu ākārayen kaṭayutu kaḷā.
SPEAKER_8-406|ඔබට මෙම ස්ථානයෙන් ගොස් එම වීඩියෝ දර්ශනය නැරඹිය හැක.|obaṭa mema sthānayen gos ema vīḍiyō darśanaya nærambiya hæka.
SPEAKER_8-407|අනික මහේෂ් කොච්චර වැදගත් විදිහට හැසිරුනත් ඩිස්ක්‍රිමිනේට් කරන එකා ඩිස්ක්‍රිමිනේට් කරනවා.|anika mahēş koccara vædagat vidihaṭa hæsirunat ḍiskriminēṭ karana ekā ḍiskriminēṭ karanavā.
SPEAKER_8-408|සමහර විට ඒ කෙනා ඒ උදව් කිරීම එයාගේ බිරිඳ හරහා කරා නම් මෙහෙම නොවෙන්නත් තිබ්බා.|samahara viṭa ē kenā ē udav kirīma eyāgē biriṉda harahā karā nam mehema novennat tibbā.
SPEAKER_8-409|එම ණය සඳහා පොලී අනුපාතය නිශ්චිතව සඳහන් නොකර තිබූ අතර, එම අනුපාතය දන්වා තිබුණේ ඇමෙරිකානු ඩොලර්|ema ṇaya saṉdahā polī anupātaya niścitava saṉdahan nokara tibū atara, ema anupātaya danvā tibuṇē æmerikānu ḍolar
SPEAKER_8-410|යේසුස් ගලීලයට ගොස් දෙවිගේ ශුභාරංචිය දේශනා කරමින්.|yēsus galīlayaṭa gos devigē śubhāraṁciya dēśanā karamin.
SPEAKER_8-411|මෙහිදී වැදගත්ම කරුණ නම් සිංහල හා දෙමළ අලුත් අවුරුදු යෙදෙන අප්‍රේල් දහතුන හා දහහතර දින දෙක,|mehidī vædagatma karuṇa nam siṁhala hā demaḷa alut avurudu yedena aprēl dahatuna hā dahahatara dina deka,
SPEAKER_8-412|විශේෂයෙන්ම ඔයාගේ සිරුරේ ස්කන්ධය පමණට වඩා වැඩි වුණොත් ඒක ඔයාගේ පෙනුමට බාධාවක්.|viśēşayenma oyāgē sirurē skandhaya pamaṇaṭa vaḍā væḍi vuṇot ēka oyāgē penumaṭa bādhāvak.
SPEAKER_8-413|මෙම ඇතැම් පච්ඡා සලකුනු තම පෞද්ගලික තෘප්තිය උදෙසා සලකුණු කර ගත්තත් ඇතැම් ඒවා නම් තම කණ්ඩායම|mema ætæm pacchā salakunu tama paudgalika tṛptiya udesā salakuṇu kara gattat ætæm ēvā nam tama kaṇḍāyama
SPEAKER_8-414|නෙක්ස්ට් බොලිවුඩ් සුපිරි තරු ලැබූ පලමු පඩිය මෙන්න බොහොම ස්තුති සහෝ ත්‍රෙඩ් එකට රිප්ලයි දාන්න ලෑස්ති|neksṭ bolivuḍ supiri taru læbū palamu paḍiya menna bohoma stuti sahō treḍ ekaṭa riplayi dānna lǣsti
SPEAKER_8-415|යෝජනාව ඉන් බොහෝ ඔබ්බට යමින් මෙරට ජනතාවගේ ස්වාධිපත්‍ය බලය යටතට සෘජුවම අයත් වන ශ්‍රී ලංකාවේ නීති|yōjanāva in bohō obbaṭa yamin meraṭa janatāvagē svādhipatya balaya yaṭataṭa sṛjuvama ayat vana śrī laṁkāvē nīti
SPEAKER_8-416|බුදු රජාණන් වහන්සේ ජලය සම්බන්ධයෙන් අනුගමනය කළ යුතු ශික්ෂාපද සමූහයක් ද පැනවූහ.|budu rajāṇan vahansē jalaya sambandhayen anugamanaya kaḷa yutu śikşāpada samūhayak da pænavūha.
SPEAKER_8-417|පසුගිය කාලේ විවිධ හේතූන් නිසා එයාට මඩ ප්‍රහාර එල්ල වුණා “ද නිව්ස්පේපර්” සඳහා අතිරේක නළු නිළියන්|pasugiya kālē vividha hētūn nisā eyāṭa maḍa prahāra ella vuṇā “da nivspēpar” saṉdahā atirēka naḷu niḷiyan
SPEAKER_8-418|"දැන්ම ගිහින් සුදුසු කෙනෙක් ගැන හොයන්ඩ හොඳයි"" ලොකු මැණිකෙ මට කතා කරන්ඩවත් දුන්නෙ නැහැ."|dænma gihin sudusu kenek gæna hoyanḍa hoṉdayi  loku mæṇike maṭa katā karanḍavat dunne næhæ.
SPEAKER_8-419|මේ හරහා බලය බෙදීම, රාජ්‍ය සේවය ප්‍රතිව්‍යුහගත කිරීම ආදි කරුණු පිළිබඳව අවධානය යොමුකරන බවත් ඔහු පැවැසීය.|mē harahā balaya bedīma, rājya sēvaya prativyuhagata kirīma ādi karuṇu piḷibaṉdava avadhānaya yomukarana bavat ohu pævæsīya.
SPEAKER_8-420|අපි දෝන කතිරිනා නාට්‍යය විකාශය වන ආකාරය තවදුරටත් බලා ඉඳිමු.|api dōna katirinā nāṭyaya vikāśaya vana ākāraya tavaduraṭat balā iṉdimu.
SPEAKER_8-421|සඳේ එන්නම් ඔබේ ලෙනටා කියන්නෙත් ගීතයක කොටසක් තමයි මම ඒ සඳහා යොදා ගත්තේ.|saṉdē ennam obē lenaṭā kiyannet gītayaka koṭasak tamayi mama ē saṉdahā yodā gattē.
SPEAKER_8-422|පස්සේ ක්‍රීඩා උත්සවයට අපි පොඩියට වගේ උදව් කලා, වගේම අපේ නිවාසය පළමුවෙනි ස්ථානයත් ගත්තා.|passē krīḍā utsavayaṭa api poḍiyaṭa vagē udav kalā, vagēma apē nivāsaya paḷamuveni sthānayat gattā.
SPEAKER_8-423|මේ අවස්ථාව අදුරන අය ඉන්නවනම් ඒ අයටත් ලැබෙන බවත් ඔවුන් එහෙම අවස්ථා ලැබුණ පළවෙනි පිරිස නොවෙන|mē avasthāva adurana aya innavanam ē ayaṭat læbena bavat ovun ehema avasthā læbuṇa paḷaveni pirisa novena
SPEAKER_8-424|කාලේ වෙනස් තාලේ අළුත්! අන්න ඒක තමා අමාරුම වැඩේ.|kālē venas tālē aḷut  anna ēka tamā amāruma væḍē.
SPEAKER_8-425|මෙම ප්‍රකාශයට අනුව මෙරට යුද සමයෙහි කරන ලද කිසිදු අපරාධයක් වෙනුවෙන් යුද හෝ පොලිස් සාමාජිකයන්ට දඩුවම්|mema prakāśayaṭa anuva meraṭa yuda samayehi karana lada kisidu aparādhayak venuven yuda hō polis sāmājikayanṭa daḍuvam
SPEAKER_8-426|විවිධ බාධක මැදින් ගලා ගිය ඔවුන් දෙදෙනාගේ ආදර අන්දරය ගැන මේ වෙනකොට නොදන්නා කෙනෙක් නැති තරම්|vividha bādhaka mædin galā giya ovun dedenāgē ādara andaraya gæna mē venakoṭa nodannā kenek næti taram
SPEAKER_8-427|රෝහිත් යළි ‘මනුස්සකම’ පෙන්වයි, තුවාල ලැබූ රාගම පන්දු යවන්නාගේ වියදම් දරන්න ඉදිරිපත් වෙයි.|rōhit yaḷi ‘manussakama’ penvayi, tuvāla læbū rāgama pandu yavannāgē viyadam daranna idiripat veyi.
SPEAKER_8-428|"දැන් මගේ ""දුටුතැන අල්ලනු"" නාට්‍යට ටිකක් බරපතල වේදිකා පසුතලයක් පාවිච්ච් කරන්න මම ආසයි."|dæn magē  duṭutæna allanu  nāṭyaṭa ṭikak barapatala vēdikā pasutalayak pāvicc karanna mama āsayi.
SPEAKER_8-429|වීඩියෝ දර්ශන ඔස්සේ මෙම සැකකරු පිළිබඳ දර්ශන ලබාගෙන ඇති බව සඳහන් කරන පොලිසිය මෙම පුද්ගලයා හඳුනා|vīḍiyō darśana ossē mema sækakaru piḷibaṉda darśana labāgena æti bava saṉdahan karana polisiya mema pudgalayā haṉdunā
SPEAKER_8-430|ළමයා සහ වැඩිහිටියා යනු වෙනස් වූ වගකීම් සහිත වෙනස් අපේක්‍ෂාවන්ගෙන් හැසිරෙන මෙන්ම වෙනස් සංස්කෘතීන් දෙකක් ලෙසද|ḷamayā saha væḍihiṭiyā yanu venas vū vagakīm sahita venas apēkşāvangen hæsirena menma venas saṁskṛtīn dekak lesada
SPEAKER_8-431|ඒ අය බයයි වෙන කෙනෙක් තමන්ට වැඩිය හොඳට ඒ වැඩේ කරයි කියල.|ē aya bayayi vena kenek tamanṭa væḍiya hoṉdaṭa ē væḍē karayi kiyala.
SPEAKER_8-432|හැබැයි මොනතරම් ප්‍රශ්න තිබුණත් ඒ ප්‍රශ්න දිහා ධනාත්මකව බලලා.|hæbæyi monataram praśna tibuṇat ē praśna dihā dhanātmakava balalā.
SPEAKER_8-433|එපා කියලා කෑ ගහද්දී මගේ වස්‌තුව බිමට අපගේ රණවිරුවන්ට එරෙහිව පවත්වන්නා වූ නඩු විභාග හා|epā kiyalā kǣ gahaddī magē vas‌tuva bimaṭa apagē raṇaviruvanṭa erehiva pavatvannā vū naḍu vibhāga hā
SPEAKER_8-434|නැවත වරක් “ඒ ඇයි? යන පැනයම ඉස්මතුවන අතර, පැහැදිලි පිලිතුර වන්නේ, පොහොර සහනාධාර‌ය නැවත ලබා ගැනීමට|nævata varak “ē æyi? yana pænayama ismatuvana atara, pæhædili pilitura vannē, pohora sahanādhāra‌ya nævata labā gænīmaṭa
SPEAKER_8-435|චී, සැමාගේ සෙට් එකේ උන්නම් ගන්න දෙයක් නැහැ, කලොත් අවලං වැඩක්ම තමා.|cī, sæmāgē seṭ ekē unnam ganna deyak næhæ, kalot avalaṁ væḍakma tamā.
SPEAKER_8-436|පී සංවිධානයේ අපේක්ෂකයෙකුට යම් පිරිසක් විසින් ඊයේ පහරදී ඇති බව වාර්තා වේ.|pī saṁvidhānaye් apēkşakayekuṭa yam pirisak visin īyē paharadī æti bava vārtā vē.
SPEAKER_8-437|මමත් ඉතින් පෑලියගොඩ ගියා, ගිහින් උගේ වැඩේ ඉවරයක්‌ කලා.|mamat itin pǣliyagoḍa giyā, gihin ugē væḍē ivarayak‌ kalā.
SPEAKER_8-438|මාලතී කල්පනා ඇම්බ්‍රෝස්ගේ 'නො පවතිනු වස් ප්‍රේමය ව පවතිමි' සහ 'පියා නො හැඹූ පියාපත්' කාව්‍ය.|mālatī kalpanā æmbrōsgē 'no pavatinu vas prēmaya va pavatimi' saha 'piyā no hæmbū piyāpat' kāvya.
SPEAKER_8-439|කාලෙකින් ආව හින්දා ලියන්නත් මොකුත්ම නැති හින්දා ඔහේ පරණ එව්වා ටිකක් ලියලා දැම්මා.|kālekin āva hindā liyannat mokutma næti hindā ohē paraṇa evvā ṭikak liyalā dæmmā.
SPEAKER_8-440|උත්තරාගෙ කතා, චූටි මිමීගේ කතා, තරු සිත් ගත් ගී, තරූගෙ දින පොතෙන්|uttarāge katā, cūṭi mimīgē katā, taru sit gat gī, tarūge dina poten
SPEAKER_8-441|අපි හැදිච්ච උණු වතුරත් රත් කරලා බොන කොල්ලෝ හරිය.|api hædicca uṇu vaturat rat karalā bona kollō hariya.
SPEAKER_8-442|අපි ඉතින් මේ දවස්වල තනිකරම වගේ කලේ සතර පොත.|api itin mē davasvala tanikarama vagē kalē satara pota.
SPEAKER_8-443|හලාල් ප්‍රශ්නයේ දී රජය විශේෂයෙන් ආරක්ෂක අංශය සිදුකල මැදිහත්වීම දකින විට මේ කුරගල එතරම් ප්‍රබල කාරණයක්|halāl praśnayē dī rajaya viśēşayen ārakşaka aṁśaya sidukala mædihatvīma dakina viṭa mē kuragala etaram prabala kāraṇayak
SPEAKER_8-444|නියමයි, දිගටම ලියන්න අක්කියෝ දුටු ගැමුණු රජුගේ බිසව ගැන අලුත්ම ඉතිහාස කතාව මෙන්න|niyamayi, digaṭama liyanna akkiyō duṭu gæmuṇu rajugē bisava gæna alutma itihāsa katāva menna
SPEAKER_8-445|වතුර එකතු වෙන්න ටැංකි එහෙම බැඳලා ටැප් හයි කරලා තියෙන්නේ.|vatura ekatu venna ṭæṁki ehema bæṉdalā ṭæp hayi karalā tiyennē.
SPEAKER_8-446|උපන්නොත් මැරෙන බව දැන දැනම කම්පා වීමෙන් පලක් නෑ නොවැ.|upannot mærena bava dæna dænama kampā vīmen palak nǣ novæ.
SPEAKER_8-447|ඉතින් ඔබ මහත් වේගෙන එනවා උනත්, ඔහු කියන්නේ එහෙම නෑ, ඔබ ලස්සනයි කියලයි.|itin oba mahat vēgena enavā unat, ohu kiyannē ehema nǣ, oba lassanayi kiyalayi.
SPEAKER_8-448|මිනුවන්ගොඩ, ගම්පහ, කුරුණෑගල දෙස සිට ආයෝජන ප්‍රවර්ධන කලාපයට දෙසට ගමන් කරන වාහන,කොළඹ කුරුණෑගල යාගොඩමුල්ල|minuvangoḍa, gampaha, kuruṇǣgala desa siṭa āyōjana pravardhana kalāpayaṭa desaṭa gaman karana vāhana,koḷamba kuruṇǣgala yāgoḍamulla
SPEAKER_8-449|මේ වගේ කාලයක් තිස්සේ මග ඇරිච්ච ජිවිත එක පාරට හමු උනාම කලින් කොයි තරම් ප්‍රශ්න තිබුනත්|mē vagē kālayak tissē maga æricca jivita eka pāraṭa hamu unāma kalin koyi taram praśna tibunat
SPEAKER_8-450|ඉබ්බා කටින්‌ ඩැහැ ගෙන ගියා|ibbā kaṭin‌ ḍæhæ gena giyā
SPEAKER_8-451|මොකක්ද අලූතින් කරන්න හදන වීඩියෝ එක? චන්දන වික‍්‍රමසිංහ මහත්මයාගේ ස්ටෝරි ඔෆ් සීතා බැලේ එකේ මම සංගීතය|mokakda alūtin karanna hadana vīḍiyō eka? candana vikramasiṁha mahatmayāgē sṭōri of sītā bælē ekē mama saṁgītaya
SPEAKER_8-452|අද ලෝකයේ දිනෙන් දින දියුණු වෙමින් පවතින තාක්ෂණයේ සුපර් කම්පියුටර්ස්, ජංගම දුරකතන වල|ada lōkayē dinen dina diyuṇu vemin pavatina tākşaṇayē supar kampiyuṭars, jaṁgama durakatana vala
SPEAKER_8-453|"මේක කියවද්දී මට මතක් වුනේ ""දිගුනෙත් හසරැල්ලේ, දයාරත්න පෙරේරා"" කියන සිංදුව."|mēka kiyavaddī maṭa matak vunē  digunet hasarællē, dayāratna perērā  kiyana siṁduva.
SPEAKER_8-454|සෑම් ටියුන්ස් හදුන්වා දෙන ලක්ෂ තුනක අපේක්ෂකයින් කැමති අලුත්ම ගීතය දා ගන්න හතයි හතයි හත අමතන්න.|sǣm ṭiyuns hadunvā dena lakşa tunaka apēkşakayin kæmati alutma gītaya dā ganna hatayi hatayi hata amatanna.
SPEAKER_8-455|මෙන්න මේ නිසාත් ඔවුන්ට සුන්දර වගේම ප්‍රියකරු රූප ස්වභාවක් හිමිවෙලා තියෙනවා.|menna mē nisāt ovunṭa sundara vagēma priyakaru rūpa svabhāvak himivelā tiyenavā.
SPEAKER_8-456|අද වෙනකොට මෙම ක්‍රම ඉතාම සාර්ථකව මගේ ජිවිතය සැහැල්ලුවෙන් ගෙනියන්න භාවිතා වෙනවා.|ada venakoṭa mema krama itāma sārthakava magē jivitaya sæhælluven geniyanna bhāvitā venavā.
SPEAKER_8-457|හර්ෂ ද සිල්වා සඳහන් කරන, “සියලූ පියවර ගැනීමට කැමැත්තෙමු” යන අරුත දෙන වචන ඉංග්‍රීසි ඡේදයේ|harşa da silvā saṉdahan karana, “siyalū piyavara gænīmaṭa kæmættemu” yana aruta dena vacana iṁgrīsi chēdayē
SPEAKER_8-458|එහෙත් ෆේස්බුක් සමාගම පවසන්නේ එසේ කිසිදු බලපෑමක් සිදු කිරීමට ඔවුන් ඉදිරිපත් නොවන බවත් යම් නීතිමය ක්‍රියාමාර්ග|ehet fēsbuk samāgama pavasannē esē kisidu balapǣmak sidu kirīmaṭa ovun idiripat novana bavat yam nītimaya kriyāmārga
SPEAKER_8-459|මෙය සැබවින්ම සිදු වූයේ සමස්ත ලෝක ආදායම වාර්ෂිකව|meya sæbavinma sidu vūyē samasta lōka ādāyama vārşikava
SPEAKER_8-460|ඉස්කෝලෙන් අවුට් වු පසු කස්ටිය සෙට් කරනු වස් ශීලා වැඩේ සංවිධානය කලේය.|iskōlen avuṭ vu pasu kasṭiya seṭ karanu vas śīlā væḍē saṁvidhānaya kalēya.
SPEAKER_8-461|ගිම්හාන කාලයේදී එම කඳුවලින් උණුසුම් දිය ඇලි ගලා යන ආකාරය නගරයට විද්‍යාමාන විය.|gimhāna kālayēdī ema kaṉduvalin uṇusum diya æli galā yana ākāraya nagarayaṭa vidyāmāna viya.
SPEAKER_8-462|රැලෙන් එහා මෙහා වෙන ඇන්ටිලෝප් පැටවෙකු ඉලක්ක කර ගත් කිඹුලා ඔහු පසුපස ලුහු බඳියි.|rælen ehā mehā vena ænṭilōp pæṭaveku ilakka kara gat kimbulā ohu pasupasa luhu baṉdiyi.
SPEAKER_8-463|සුර්වණා ගැහැණියක් විදිහට ස්තී‍්‍රත්වයේ ගැඹුර අත්පත් කරගෙන තිබුණා.|survaṇā gæhæṇiyak vidihaṭa stī්ratvayē gæmbura atpat karagena tibuṇā.
SPEAKER_8-464|ඒ සම්බන්ධයෙන් රජයේ ස්ථාවරයේ කිසිම වෙනසක් නැති බවද පවසන ඇමතිවරයා නෙවිල් ප්‍රනාන්දු පුද්ගලික රෝහල පමණක් රජයට|ē sambandhayen rajayē sthāvarayē kisima venasak næti bavada pavasana æmativarayā nevil pranāndu pudgalika rōhala pamaṇak rajayaṭa
SPEAKER_8-465|"මට හිතෙන විදියට රන්බණ්ඩා මහත්මයාගේ හොඳම ගීත රචනාව තමයි ""උල ලේනෝ"" ගීතය."|maṭa hitena vidiyaṭa ranbaṇḍā mahatmayāgē hoṉdama gīta racanāva tamayi  ula lēnō  gītaya.
SPEAKER_8-466|පට්ටම පට්ට, කියලා වැඩක් නෑ උපරිමයි!|paṭṭama paṭṭa, kiyalā væḍak nǣ uparimayi 
SPEAKER_8-467|එක අනාවැකියක් හෝ අසත්‍ය වූ විට දේව භාෂිතයක් නොවේ.|eka anāvækiyak hō asatya vū viṭa dēva bhāşitayak novē.
SPEAKER_8-468|අද හෙට සරසවි සිසු විරෝධතා තහනම් කෙරේ, ලංකාවේ ශිෂ්‍ය නායකයින් මැරෙන්න බය නැති වුණාට|ada heṭa sarasavi sisu virōdhatā tahanam kerē, laṁkāvē śişya nāyakayin mærenna baya næti vuṇāṭa
SPEAKER_8-469|බුද්ධිමත්ව වාද විවාද වලට එළඹීම මොවුන්ට නොහැකි බව මා පිලිගනිමි.|buddhimatva vāda vivāda valaṭa eḷambīma movunṭa nohæki bava mā piliganimi.
SPEAKER_8-470|එකසිය තිස් පහ එකේ බ්‍රේක් ලෙඩේට මොකද උනේ මචන් කොයි එකද මචන්? වම් පැත්තේ තියෙන්නේ නම් චේන්.|ekasiya tis paha ekē brēk leḍēṭa mokada unē macan koyi ekada macan? vam pættē tiyennē nam cēn.
SPEAKER_8-471|අපි සාමාන්‍යයෙන් යෝගට් එකක් හරි කිරි එකක් හරි කන්නේ අතුරුපස විදිහටනේ.|api sāmānyayen yōgaṭ ekak hari kiri ekak hari kannē aturupasa vidihaṭanē.
SPEAKER_8-472|මේ වගේ එකක් මෙහෙ කරන එකක් නැහැ මොකද ඉතින් ගසාකන්න තියෙන ඉඩ කඩ අඩු නිසා.|mē vagē ekak mehe karana ekak næhæ mokada itin gasākanna tiyena iḍa kaḍa aḍu nisā.
SPEAKER_8-473|ඇසුර මම මේ සිඟිති සුරංගනාවිගෙ ලිපි පෙළ ලියන්න පටන් ගත්තෙ සාමන්ත|æsura mama mē siṉgiti suraṁganāvige lipi peḷa liyanna paṭan gatte sāmanta
SPEAKER_8-474|සමහර ඉංජිනේරුවෝ හොඳට තියරි දන්නවා උනාට වැඩක් කරන්න ගියාම අනාගන්නවා.|samahara iṁjinēruvō hoṉdaṭa tiyari dannavā unāṭa væḍak karanna giyāma anāgannavā.
SPEAKER_8-475|සමහර අන්තර්ජාල භාවිතා කරන්නන් වගේම, ඇතැම් මාධ්‍ය ආයතනත් පෙන්නුවේ අපි කරන්න තියෙන ලොකුම පාපකර්මය කලා වගේ|samahara antarjāla bhāvitā karannan vagēma, ætæm mādhya āyatanat pennuvē api karanna tiyena lokuma pāpakarmaya kalā vagē
SPEAKER_8-476|ඉන්පසුව පැමිණි සිටි පිරිසගේ සහභාගීත්වයෙන් අවුරුදු උත්සවයන් හි ප්‍රධාන අංග වන බනිස් කෑම , කොට්ටා පොර|inpasuva pæmiṇi siṭi pirisagē sahabhāgītvayen avurudu utsavayan hi pradhāna aṁga vana banis kǣma , koṭṭā pora
SPEAKER_8-477|දරු සෙනෙහස මහමෙරක් තරම් උස උනාට වැඩක් නෑ බීට්ල් .|daru senehasa mahamerak taram usa unāṭa væḍak nǣ bīṭl .
SPEAKER_8-478|බ්‍රසීලයේ සමනලයකුට පියාපතක් සලා ටෙක්සාස්වල ටොනේඩෝවක් ඇති කළ හැකිද? මම කොයි වගේද? තෙල් අඩුවන|brasīlayē samanalayakuṭa piyāpatak salā ṭeksāsvala ṭonēḍōvak æti kaḷa hækida? mama koyi vagēda? tel aḍuvana
SPEAKER_8-479|මහින්ද රාජපක්ෂ මහතා අධිකරණය හමුවේ කියා සිටින්නේ තම තනතුරුවල කටයුතු කිරීම වළක්වාලමින් අභියාචනාධිකරණය විසින් නිකුත් කර|mahinda rājapakşa mahatā adhikaraṇaya hamuvē kiyā siṭinnē tama tanaturuvala kaṭayutu kirīma vaḷakvālamin abhiyācanādhikaraṇaya visin nikut kara
SPEAKER_8-480|එමෙන්ම විශාල ප්‍රතිනතියක් හෙවත් යටි නැම්මක තුළ සුළු ප්‍රතිනති හා සහනති හෙවත් උඩු හා යටි නැමි|emenma viśāla pratinatiyak hevat yaṭi næmmaka tuḷa suḷu pratinati hā sahanati hevat uḍu hā yaṭi næmi
SPEAKER_8-481|එසේ නම් යේසුස් වහන්සේට දෙවියන් වහන්සේ පොතක් ලබාදුන්නේ නැද්ද? ක‍්‍රිස්තියාණි විශ්වාසයට අනුව පාපයේම උපත ලද බොහෝ|esē nam yēsus vahansēṭa deviyan vahansē potak labādunnē nædda? kristiyāṇi viśvāsayaṭa anuva pāpayēma upata lada bohō
SPEAKER_8-482|මම නැති අතරේ මගේ කරත්තේ නැති නාස්ති කොරල දාල තිබුනා අපේ මලයා.|mama næti atarē magē karattē næti nāsti korala dāla tibunā apē malayā.
SPEAKER_8-483|වසර තිහකට අධික කාලයක් ශ්‍රී ලංකාවේ පැවැති යුද්ධය නිමාවට පත්වී වසර අටක් ගත වී ඇති අතර|vasara tihakaṭa adhika kālayak śrī laṁkāvē pævæti yuddhaya nimāvaṭa patvī vasara aṭak gata vī æti atara
SPEAKER_8-484|අධ්‍යාපන ප්‍රකාශන දෙපාර්තමේන්තුව මේ පොත් බොහෝ දුරට පුස්තකාල වල තියෙන ඒවා.|adhyāpana prakāśana depārtamēntuva mē pot bohō duraṭa pustakāla vala tiyena ēvā.
SPEAKER_8-485|එතැන් සිට බස් රථය‍ වේගයෙන් ගමන් කර ඇති අතර, රථයේ කලින් තිබූ කෑ ගැසීම් හා කලබලය අඩු විය|etæn siṭa bas rathaya vēgayen gaman kara æti atara, rathayē kalin tibū kǣ gæsīm hā kalabalaya aḍu viya
SPEAKER_8-486|අනිත් දෙක අද ඇහුවෙ හෑ ඔබාමත් එක ලියලා තිබ්බද? මම ඇත්තටම දන්නේ නැහැ ඒ|anit deka ada æhuve hǣ obāmat eka liyalā tibbada? mama ættaṭama dannē næhæ ē
SPEAKER_8-487|ඉන් වැඩිම ශ්‍රමිකයින් ප්‍රමාණය වන අටසිය හැට හතක පිරිසක් දිවයිනට පැමිණ ඇත්තේ කුවේට් තානාපති කාර්යාලයේ පිහිටි සුරක්ෂා නිවාසයෙන්|in væḍima śramikayin pramāṇaya vana aṭasiya hæṭa hataka pirisak divayinaṭa pæmiṇa ættē kuvēṭ tānāpati kāryālayē pihiṭi surakşā nivāsayen
SPEAKER_8-488|පොල්ගහවෙල, කුලියාපිටිය ආදි ප්‍රදේශවල අනාථ දරුවන්‌ සඳහා ළමා නිවාස ඉදි කිරීම|polgahavela, kuliyāpiṭiya ādi pradēśavala anātha daruvan‌ saṉdahā ḷamā nivāsa idi kirīma
SPEAKER_8-489|අහෝ කරුමයකි, එහෙත් මේ පාසලට එක ජල බිඳුවක් නැත.|ahō karumayaki, ehet mē pāsalaṭa eka jala biṉduvak næta.
SPEAKER_8-490|අතීත සිංහලයා මෙම ප්‍රශ්නය පිළිබඳ මනා අවබෝධයකින් කටයුතු කළ බව අපේ ඉතිහාසය සාක්ෂි දරයි.|atīta siṁhalayā mema praśnaya piḷibaṉda manā avabōdhayakin kaṭayutu kaḷa bava apē itihāsaya sākşi darayi.
SPEAKER_8-491|විනාඩි හතලිස් පහත් පැයක් පමණ වෙලා පිලිස්සීමට ගතවන කාලයයි.|vināḍi hatalis pahat pæyak pamaṇa velā pilissīmaṭa gatavana kālayayi.
SPEAKER_8-492|අනික සනත් නන්දසිරි ගේ සංගීත සේවය අපි දන්නවා.|anika sanat nandasiri gē saṁgīta sēvaya api dannavā.
SPEAKER_8-493|ජනප්‍රියත්වය, පාරම්පරික උරුමය හෝ අන් හේතුවක් මත දේශපාලනයට පිවිසෙන කාන්තාවන් වුවද පුරුෂ ලෝකයේ අතකොළු වනු මිස|janapriyatvaya, pāramparika urumaya hō an hētuvak mata dēśapālanayaṭa pivisena kāntāvan vuvada puruşa lōkayē atakoḷu vanu misa
SPEAKER_8-494|ඉන්දියාවට හා එංගලන්තයට අවශ්‍ය ව්‍යවස්ථා සංශෝධනය|indiyāvaṭa hā eṁgalantayaṭa avaśya vyavasthā saṁśōdhanaya
SPEAKER_8-495|අද අප්‍රේල් පහ දෙදහස් දා හත එදා අප්‍රේල් පහ නවසිය හැත්තෑ එක සිදුව ඇති එක|ada aprēl paha dedahas dā hata edā aprēl paha navasiya hættǣ eka siduva æti eka
SPEAKER_8-496|කතාව පුරාවට ඔහුගේ ඇට ගැහුණු සිරුර දිහා බලා ඉන්නට පවා අසීරුයි.|katāva purāvaṭa ohugē æṭa gæhuṇu sirura dihā balā innaṭa pavā asīruyi.
SPEAKER_8-497|ඩිපාර්ට්මන්ට් සෙරෙමොනි එකේදී මගේ ලඟින් හිටපු සිංහල ගර්ල් හදිස්සියේ වත් ඕනි වුනොත් කියලා මගේ පෝන් නම්බර්|ḍipārṭmanṭ seremoni ekēdī magē laṉgin hiṭapu siṁhala garl hadissiyē vat ōni vunot kiyalā magē pōn nambar
SPEAKER_8-498|ඔබගේ දෙවන චෝදනාවට පිළිතුර නම් අප රටේ විශාලතම පුද්ගලික|obagē devana cōdanāvaṭa piḷitura nam apa raṭē viśālatama pudgalika
SPEAKER_8-499|ඒ තමයි දෙමළ ජනයා බහුතරය වන ප්‍රදේශවල මුස්ලිම් ජනයා පදිංචි කරවීම.|ē tamayi demaḷa janayā bahutaraya vana pradēśavala muslim janayā padiṁci karavīma.
SPEAKER_8-500|මෙම කරුණු පදනම් කරගෙන බයිබලය මදක් විමසා බැලූවහොත් එය දේව භාෂිතයක් නොවේ යන්න පහසුවෙන්ම වටහාගත හැකිය.|mema karuṇu padanam karagena bayibalaya madak vimasā bælūvahot eya dēva bhāşitayak novē yanna pahasuvenma vaṭahāgata hækiya.
